--
-- PostgreSQL database dump
--

\restrict SqkglQE9U3zilpg3Gl2zee3IpgTzqL6QN8bkcz9nwOhTGmWjfyOakJZpm4SVMzo

-- Dumped from database version 15.18
-- Dumped by pg_dump version 15.18

SET statement_timeout = 0;
SET lock_timeout = 0;
SET idle_in_transaction_session_timeout = 0;
SET client_encoding = 'UTF8';
SET standard_conforming_strings = on;
SELECT pg_catalog.set_config('search_path', '', false);
SET check_function_bodies = false;
SET xmloption = content;
SET client_min_messages = warning;
SET row_security = off;

SET default_tablespace = '';

SET default_table_access_method = heap;

--
-- Name: accounting_customer; Type: TABLE; Schema: public; Owner: postgres
--

CREATE TABLE public.accounting_customer (
    id bigint NOT NULL,
    name character varying(200) NOT NULL,
    email character varying(254) NOT NULL,
    phone character varying(50) NOT NULL,
    company character varying(200) NOT NULL,
    address character varying(300) NOT NULL,
    trn character varying(50) NOT NULL,
    notes text NOT NULL,
    is_active boolean NOT NULL,
    created_at timestamp with time zone NOT NULL,
    updated_at timestamp with time zone NOT NULL
);


ALTER TABLE public.accounting_customer OWNER TO postgres;

--
-- Name: accounting_customer_id_seq; Type: SEQUENCE; Schema: public; Owner: postgres
--

ALTER TABLE public.accounting_customer ALTER COLUMN id ADD GENERATED BY DEFAULT AS IDENTITY (
    SEQUENCE NAME public.accounting_customer_id_seq
    START WITH 1
    INCREMENT BY 1
    NO MINVALUE
    NO MAXVALUE
    CACHE 1
);


--
-- Name: accounts_auditlog; Type: TABLE; Schema: public; Owner: postgres
--

CREATE TABLE public.accounts_auditlog (
    id bigint NOT NULL,
    username character varying(150) NOT NULL,
    action character varying(200) NOT NULL,
    details text NOT NULL,
    ip_address character varying(50) NOT NULL,
    created_at timestamp with time zone NOT NULL,
    user_id integer
);


ALTER TABLE public.accounts_auditlog OWNER TO postgres;

--
-- Name: accounts_auditlog_id_seq; Type: SEQUENCE; Schema: public; Owner: postgres
--

ALTER TABLE public.accounts_auditlog ALTER COLUMN id ADD GENERATED BY DEFAULT AS IDENTITY (
    SEQUENCE NAME public.accounts_auditlog_id_seq
    START WITH 1
    INCREMENT BY 1
    NO MINVALUE
    NO MAXVALUE
    CACHE 1
);


--
-- Name: accounts_useremailjsconfig; Type: TABLE; Schema: public; Owner: postgres
--

CREATE TABLE public.accounts_useremailjsconfig (
    id bigint NOT NULL,
    service_id character varying(100) NOT NULL,
    template_id character varying(100) NOT NULL,
    public_key character varying(100) NOT NULL,
    private_key character varying(100) NOT NULL,
    from_email character varying(254) NOT NULL,
    from_name character varying(100) NOT NULL,
    is_configured boolean NOT NULL,
    created_at timestamp with time zone NOT NULL,
    updated_at timestamp with time zone NOT NULL,
    user_id integer NOT NULL
);


ALTER TABLE public.accounts_useremailjsconfig OWNER TO postgres;

--
-- Name: accounts_useremailjsconfig_id_seq; Type: SEQUENCE; Schema: public; Owner: postgres
--

ALTER TABLE public.accounts_useremailjsconfig ALTER COLUMN id ADD GENERATED BY DEFAULT AS IDENTITY (
    SEQUENCE NAME public.accounts_useremailjsconfig_id_seq
    START WITH 1
    INCREMENT BY 1
    NO MINVALUE
    NO MAXVALUE
    CACHE 1
);


--
-- Name: accounts_userprofile; Type: TABLE; Schema: public; Owner: postgres
--

CREATE TABLE public.accounts_userprofile (
    id bigint NOT NULL,
    note text NOT NULL,
    max_sends integer NOT NULL,
    must_change_password boolean NOT NULL,
    created_at timestamp with time zone NOT NULL,
    updated_at timestamp with time zone NOT NULL,
    user_id integer NOT NULL
);


ALTER TABLE public.accounts_userprofile OWNER TO postgres;

--
-- Name: accounts_userprofile_id_seq; Type: SEQUENCE; Schema: public; Owner: postgres
--

ALTER TABLE public.accounts_userprofile ALTER COLUMN id ADD GENERATED BY DEFAULT AS IDENTITY (
    SEQUENCE NAME public.accounts_userprofile_id_seq
    START WITH 1
    INCREMENT BY 1
    NO MINVALUE
    NO MAXVALUE
    CACHE 1
);


--
-- Name: auth_group; Type: TABLE; Schema: public; Owner: postgres
--

CREATE TABLE public.auth_group (
    id integer NOT NULL,
    name character varying(150) NOT NULL
);


ALTER TABLE public.auth_group OWNER TO postgres;

--
-- Name: auth_group_id_seq; Type: SEQUENCE; Schema: public; Owner: postgres
--

ALTER TABLE public.auth_group ALTER COLUMN id ADD GENERATED BY DEFAULT AS IDENTITY (
    SEQUENCE NAME public.auth_group_id_seq
    START WITH 1
    INCREMENT BY 1
    NO MINVALUE
    NO MAXVALUE
    CACHE 1
);


--
-- Name: auth_group_permissions; Type: TABLE; Schema: public; Owner: postgres
--

CREATE TABLE public.auth_group_permissions (
    id bigint NOT NULL,
    group_id integer NOT NULL,
    permission_id integer NOT NULL
);


ALTER TABLE public.auth_group_permissions OWNER TO postgres;

--
-- Name: auth_group_permissions_id_seq; Type: SEQUENCE; Schema: public; Owner: postgres
--

ALTER TABLE public.auth_group_permissions ALTER COLUMN id ADD GENERATED BY DEFAULT AS IDENTITY (
    SEQUENCE NAME public.auth_group_permissions_id_seq
    START WITH 1
    INCREMENT BY 1
    NO MINVALUE
    NO MAXVALUE
    CACHE 1
);


--
-- Name: auth_permission; Type: TABLE; Schema: public; Owner: postgres
--

CREATE TABLE public.auth_permission (
    id integer NOT NULL,
    name character varying(255) NOT NULL,
    content_type_id integer NOT NULL,
    codename character varying(100) NOT NULL
);


ALTER TABLE public.auth_permission OWNER TO postgres;

--
-- Name: auth_permission_id_seq; Type: SEQUENCE; Schema: public; Owner: postgres
--

ALTER TABLE public.auth_permission ALTER COLUMN id ADD GENERATED BY DEFAULT AS IDENTITY (
    SEQUENCE NAME public.auth_permission_id_seq
    START WITH 1
    INCREMENT BY 1
    NO MINVALUE
    NO MAXVALUE
    CACHE 1
);


--
-- Name: auth_user; Type: TABLE; Schema: public; Owner: postgres
--

CREATE TABLE public.auth_user (
    id integer NOT NULL,
    password character varying(128) NOT NULL,
    last_login timestamp with time zone,
    is_superuser boolean NOT NULL,
    username character varying(150) NOT NULL,
    first_name character varying(150) NOT NULL,
    last_name character varying(150) NOT NULL,
    email character varying(254) NOT NULL,
    is_staff boolean NOT NULL,
    is_active boolean NOT NULL,
    date_joined timestamp with time zone NOT NULL
);


ALTER TABLE public.auth_user OWNER TO postgres;

--
-- Name: auth_user_groups; Type: TABLE; Schema: public; Owner: postgres
--

CREATE TABLE public.auth_user_groups (
    id bigint NOT NULL,
    user_id integer NOT NULL,
    group_id integer NOT NULL
);


ALTER TABLE public.auth_user_groups OWNER TO postgres;

--
-- Name: auth_user_groups_id_seq; Type: SEQUENCE; Schema: public; Owner: postgres
--

ALTER TABLE public.auth_user_groups ALTER COLUMN id ADD GENERATED BY DEFAULT AS IDENTITY (
    SEQUENCE NAME public.auth_user_groups_id_seq
    START WITH 1
    INCREMENT BY 1
    NO MINVALUE
    NO MAXVALUE
    CACHE 1
);


--
-- Name: auth_user_id_seq; Type: SEQUENCE; Schema: public; Owner: postgres
--

ALTER TABLE public.auth_user ALTER COLUMN id ADD GENERATED BY DEFAULT AS IDENTITY (
    SEQUENCE NAME public.auth_user_id_seq
    START WITH 1
    INCREMENT BY 1
    NO MINVALUE
    NO MAXVALUE
    CACHE 1
);


--
-- Name: auth_user_user_permissions; Type: TABLE; Schema: public; Owner: postgres
--

CREATE TABLE public.auth_user_user_permissions (
    id bigint NOT NULL,
    user_id integer NOT NULL,
    permission_id integer NOT NULL
);


ALTER TABLE public.auth_user_user_permissions OWNER TO postgres;

--
-- Name: auth_user_user_permissions_id_seq; Type: SEQUENCE; Schema: public; Owner: postgres
--

ALTER TABLE public.auth_user_user_permissions ALTER COLUMN id ADD GENERATED BY DEFAULT AS IDENTITY (
    SEQUENCE NAME public.auth_user_user_permissions_id_seq
    START WITH 1
    INCREMENT BY 1
    NO MINVALUE
    NO MAXVALUE
    CACHE 1
);


--
-- Name: campaigns_campaign; Type: TABLE; Schema: public; Owner: postgres
--

CREATE TABLE public.campaigns_campaign (
    id bigint NOT NULL,
    name character varying(300) NOT NULL,
    subject character varying(500) NOT NULL,
    body_html text NOT NULL,
    body_text text NOT NULL,
    status character varying(20) NOT NULL,
    scheduled_at timestamp with time zone,
    started_at timestamp with time zone,
    completed_at timestamp with time zone,
    celery_task_id character varying(200) NOT NULL,
    created_at timestamp with time zone NOT NULL,
    updated_at timestamp with time zone NOT NULL,
    mailing_list_id bigint,
    template_id bigint,
    is_recurring_active boolean NOT NULL,
    next_run timestamp with time zone,
    recurrence character varying(20) NOT NULL,
    ab_split_percent integer NOT NULL,
    ab_test_enabled boolean NOT NULL,
    ab_variant character varying(1) NOT NULL,
    body_html_b text NOT NULL,
    subject_b character varying(500) NOT NULL,
    owner_id integer
);


ALTER TABLE public.campaigns_campaign OWNER TO postgres;

--
-- Name: campaigns_campaign_id_seq; Type: SEQUENCE; Schema: public; Owner: postgres
--

ALTER TABLE public.campaigns_campaign ALTER COLUMN id ADD GENERATED BY DEFAULT AS IDENTITY (
    SEQUENCE NAME public.campaigns_campaign_id_seq
    START WITH 1
    INCREMENT BY 1
    NO MINVALUE
    NO MAXVALUE
    CACHE 1
);


--
-- Name: campaigns_campaignmessagestep; Type: TABLE; Schema: public; Owner: postgres
--

CREATE TABLE public.campaigns_campaignmessagestep (
    id bigint NOT NULL,
    step_number integer NOT NULL,
    title character varying(200) NOT NULL,
    subject character varying(500) NOT NULL,
    body_html text NOT NULL,
    body_text text NOT NULL,
    send_at timestamp with time zone,
    delay_minutes integer NOT NULL,
    is_active boolean NOT NULL,
    sent_at timestamp with time zone,
    created_at timestamp with time zone NOT NULL,
    campaign_id bigint NOT NULL,
    CONSTRAINT campaigns_campaignmessagestep_delay_minutes_check CHECK ((delay_minutes >= 0)),
    CONSTRAINT campaigns_campaignmessagestep_step_number_check CHECK ((step_number >= 0))
);


ALTER TABLE public.campaigns_campaignmessagestep OWNER TO postgres;

--
-- Name: campaigns_campaignmessagestep_id_seq; Type: SEQUENCE; Schema: public; Owner: postgres
--

ALTER TABLE public.campaigns_campaignmessagestep ALTER COLUMN id ADD GENERATED BY DEFAULT AS IDENTITY (
    SEQUENCE NAME public.campaigns_campaignmessagestep_id_seq
    START WITH 1
    INCREMENT BY 1
    NO MINVALUE
    NO MAXVALUE
    CACHE 1
);


--
-- Name: campaigns_emaillog; Type: TABLE; Schema: public; Owner: postgres
--

CREATE TABLE public.campaigns_emaillog (
    id bigint NOT NULL,
    recipient_name character varying(200) NOT NULL,
    recipient_email character varying(254) NOT NULL,
    status character varying(20) NOT NULL,
    error_message text NOT NULL,
    attempts integer NOT NULL,
    last_attempt_at timestamp with time zone,
    sent_at timestamp with time zone,
    message_id character varying(500) NOT NULL,
    emailjs_response jsonb NOT NULL,
    created_at timestamp with time zone NOT NULL,
    campaign_id bigint NOT NULL,
    recipient_id bigint,
    click_count integer NOT NULL,
    clicked_at timestamp with time zone,
    open_count integer NOT NULL,
    opened_at timestamp with time zone,
    body_html_snapshot text NOT NULL,
    body_text_snapshot text NOT NULL,
    subject_snapshot character varying(500) NOT NULL,
    message_step_id bigint
);


ALTER TABLE public.campaigns_emaillog OWNER TO postgres;

--
-- Name: campaigns_emaillog_id_seq; Type: SEQUENCE; Schema: public; Owner: postgres
--

ALTER TABLE public.campaigns_emaillog ALTER COLUMN id ADD GENERATED BY DEFAULT AS IDENTITY (
    SEQUENCE NAME public.campaigns_emaillog_id_seq
    START WITH 1
    INCREMENT BY 1
    NO MINVALUE
    NO MAXVALUE
    CACHE 1
);


--
-- Name: crm_crmcompany; Type: TABLE; Schema: public; Owner: postgres
--

CREATE TABLE public.crm_crmcompany (
    id bigint NOT NULL,
    name character varying(180) NOT NULL,
    status character varying(20) NOT NULL,
    source character varying(120) NOT NULL,
    industry character varying(120) NOT NULL,
    website character varying(180) NOT NULL,
    email character varying(254) NOT NULL,
    phone character varying(60) NOT NULL,
    country character varying(80) NOT NULL,
    city character varying(80) NOT NULL,
    address text NOT NULL,
    trn character varying(80) NOT NULL,
    notes text NOT NULL,
    created_at timestamp with time zone NOT NULL,
    updated_at timestamp with time zone NOT NULL,
    owner_id integer,
    tenant_id bigint
);


ALTER TABLE public.crm_crmcompany OWNER TO postgres;

--
-- Name: crm_crmcompany_id_seq; Type: SEQUENCE; Schema: public; Owner: postgres
--

ALTER TABLE public.crm_crmcompany ALTER COLUMN id ADD GENERATED BY DEFAULT AS IDENTITY (
    SEQUENCE NAME public.crm_crmcompany_id_seq
    START WITH 1
    INCREMENT BY 1
    NO MINVALUE
    NO MAXVALUE
    CACHE 1
);


--
-- Name: crm_crmcontact; Type: TABLE; Schema: public; Owner: postgres
--

CREATE TABLE public.crm_crmcontact (
    id bigint NOT NULL,
    full_name character varying(180) NOT NULL,
    job_title character varying(120) NOT NULL,
    email character varying(254) NOT NULL,
    phone character varying(60) NOT NULL,
    whatsapp character varying(60) NOT NULL,
    source character varying(120) NOT NULL,
    notes text NOT NULL,
    created_at timestamp with time zone NOT NULL,
    updated_at timestamp with time zone NOT NULL,
    company_id bigint,
    owner_id integer,
    tenant_id bigint
);


ALTER TABLE public.crm_crmcontact OWNER TO postgres;

--
-- Name: crm_crmcontact_id_seq; Type: SEQUENCE; Schema: public; Owner: postgres
--

ALTER TABLE public.crm_crmcontact ALTER COLUMN id ADD GENERATED BY DEFAULT AS IDENTITY (
    SEQUENCE NAME public.crm_crmcontact_id_seq
    START WITH 1
    INCREMENT BY 1
    NO MINVALUE
    NO MAXVALUE
    CACHE 1
);


--
-- Name: crm_crmdeal; Type: TABLE; Schema: public; Owner: postgres
--

CREATE TABLE public.crm_crmdeal (
    id bigint NOT NULL,
    title character varying(180) NOT NULL,
    stage character varying(30) NOT NULL,
    value numeric(12,2) NOT NULL,
    currency character varying(10) NOT NULL,
    probability integer NOT NULL,
    expected_close_date date,
    notes text NOT NULL,
    created_at timestamp with time zone NOT NULL,
    updated_at timestamp with time zone NOT NULL,
    company_id bigint,
    contact_id bigint,
    owner_id integer,
    tenant_id bigint,
    CONSTRAINT crm_crmdeal_probability_check CHECK ((probability >= 0))
);


ALTER TABLE public.crm_crmdeal OWNER TO postgres;

--
-- Name: crm_crmdeal_id_seq; Type: SEQUENCE; Schema: public; Owner: postgres
--

ALTER TABLE public.crm_crmdeal ALTER COLUMN id ADD GENERATED BY DEFAULT AS IDENTITY (
    SEQUENCE NAME public.crm_crmdeal_id_seq
    START WITH 1
    INCREMENT BY 1
    NO MINVALUE
    NO MAXVALUE
    CACHE 1
);


--
-- Name: crm_crmquote; Type: TABLE; Schema: public; Owner: postgres
--

CREATE TABLE public.crm_crmquote (
    id bigint NOT NULL,
    quote_number character varying(40) NOT NULL,
    title character varying(180) NOT NULL,
    status character varying(20) NOT NULL,
    currency character varying(10) NOT NULL,
    tax_rate numeric(5,2) NOT NULL,
    subtotal numeric(12,2) NOT NULL,
    tax_amount numeric(12,2) NOT NULL,
    total numeric(12,2) NOT NULL,
    valid_until date,
    notes text NOT NULL,
    created_at timestamp with time zone NOT NULL,
    updated_at timestamp with time zone NOT NULL,
    company_id bigint,
    contact_id bigint,
    deal_id bigint,
    owner_id integer,
    tenant_id bigint
);


ALTER TABLE public.crm_crmquote OWNER TO postgres;

--
-- Name: crm_crmquote_id_seq; Type: SEQUENCE; Schema: public; Owner: postgres
--

ALTER TABLE public.crm_crmquote ALTER COLUMN id ADD GENERATED BY DEFAULT AS IDENTITY (
    SEQUENCE NAME public.crm_crmquote_id_seq
    START WITH 1
    INCREMENT BY 1
    NO MINVALUE
    NO MAXVALUE
    CACHE 1
);


--
-- Name: crm_crmquoteitem; Type: TABLE; Schema: public; Owner: postgres
--

CREATE TABLE public.crm_crmquoteitem (
    id bigint NOT NULL,
    description character varying(300) NOT NULL,
    quantity numeric(10,2) NOT NULL,
    unit_price numeric(12,2) NOT NULL,
    "order" integer NOT NULL,
    quote_id bigint NOT NULL,
    CONSTRAINT crm_crmquoteitem_order_check CHECK (("order" >= 0))
);


ALTER TABLE public.crm_crmquoteitem OWNER TO postgres;

--
-- Name: crm_crmquoteitem_id_seq; Type: SEQUENCE; Schema: public; Owner: postgres
--

ALTER TABLE public.crm_crmquoteitem ALTER COLUMN id ADD GENERATED BY DEFAULT AS IDENTITY (
    SEQUENCE NAME public.crm_crmquoteitem_id_seq
    START WITH 1
    INCREMENT BY 1
    NO MINVALUE
    NO MAXVALUE
    CACHE 1
);


--
-- Name: crm_crmtask; Type: TABLE; Schema: public; Owner: postgres
--

CREATE TABLE public.crm_crmtask (
    id bigint NOT NULL,
    title character varying(180) NOT NULL,
    task_type character varying(30) NOT NULL,
    status character varying(20) NOT NULL,
    priority character varying(20) NOT NULL,
    due_at timestamp with time zone,
    notes text NOT NULL,
    completed_at timestamp with time zone,
    created_at timestamp with time zone NOT NULL,
    assigned_to_id integer,
    company_id bigint,
    contact_id bigint,
    deal_id bigint,
    tenant_id bigint
);


ALTER TABLE public.crm_crmtask OWNER TO postgres;

--
-- Name: crm_crmtask_id_seq; Type: SEQUENCE; Schema: public; Owner: postgres
--

ALTER TABLE public.crm_crmtask ALTER COLUMN id ADD GENERATED BY DEFAULT AS IDENTITY (
    SEQUENCE NAME public.crm_crmtask_id_seq
    START WITH 1
    INCREMENT BY 1
    NO MINVALUE
    NO MAXVALUE
    CACHE 1
);


--
-- Name: django_admin_log; Type: TABLE; Schema: public; Owner: postgres
--

CREATE TABLE public.django_admin_log (
    id integer NOT NULL,
    action_time timestamp with time zone NOT NULL,
    object_id text,
    object_repr character varying(200) NOT NULL,
    action_flag smallint NOT NULL,
    change_message text NOT NULL,
    content_type_id integer,
    user_id integer NOT NULL,
    CONSTRAINT django_admin_log_action_flag_check CHECK ((action_flag >= 0))
);


ALTER TABLE public.django_admin_log OWNER TO postgres;

--
-- Name: django_admin_log_id_seq; Type: SEQUENCE; Schema: public; Owner: postgres
--

ALTER TABLE public.django_admin_log ALTER COLUMN id ADD GENERATED BY DEFAULT AS IDENTITY (
    SEQUENCE NAME public.django_admin_log_id_seq
    START WITH 1
    INCREMENT BY 1
    NO MINVALUE
    NO MAXVALUE
    CACHE 1
);


--
-- Name: django_celery_beat_clockedschedule; Type: TABLE; Schema: public; Owner: postgres
--

CREATE TABLE public.django_celery_beat_clockedschedule (
    id integer NOT NULL,
    clocked_time timestamp with time zone NOT NULL
);


ALTER TABLE public.django_celery_beat_clockedschedule OWNER TO postgres;

--
-- Name: django_celery_beat_clockedschedule_id_seq; Type: SEQUENCE; Schema: public; Owner: postgres
--

ALTER TABLE public.django_celery_beat_clockedschedule ALTER COLUMN id ADD GENERATED BY DEFAULT AS IDENTITY (
    SEQUENCE NAME public.django_celery_beat_clockedschedule_id_seq
    START WITH 1
    INCREMENT BY 1
    NO MINVALUE
    NO MAXVALUE
    CACHE 1
);


--
-- Name: django_celery_beat_crontabschedule; Type: TABLE; Schema: public; Owner: postgres
--

CREATE TABLE public.django_celery_beat_crontabschedule (
    id integer NOT NULL,
    minute character varying(240) NOT NULL,
    hour character varying(96) NOT NULL,
    day_of_week character varying(64) NOT NULL,
    day_of_month character varying(124) NOT NULL,
    month_of_year character varying(64) NOT NULL,
    timezone character varying(63) NOT NULL
);


ALTER TABLE public.django_celery_beat_crontabschedule OWNER TO postgres;

--
-- Name: django_celery_beat_crontabschedule_id_seq; Type: SEQUENCE; Schema: public; Owner: postgres
--

ALTER TABLE public.django_celery_beat_crontabschedule ALTER COLUMN id ADD GENERATED BY DEFAULT AS IDENTITY (
    SEQUENCE NAME public.django_celery_beat_crontabschedule_id_seq
    START WITH 1
    INCREMENT BY 1
    NO MINVALUE
    NO MAXVALUE
    CACHE 1
);


--
-- Name: django_celery_beat_intervalschedule; Type: TABLE; Schema: public; Owner: postgres
--

CREATE TABLE public.django_celery_beat_intervalschedule (
    id integer NOT NULL,
    every integer NOT NULL,
    period character varying(24) NOT NULL
);


ALTER TABLE public.django_celery_beat_intervalschedule OWNER TO postgres;

--
-- Name: django_celery_beat_intervalschedule_id_seq; Type: SEQUENCE; Schema: public; Owner: postgres
--

ALTER TABLE public.django_celery_beat_intervalschedule ALTER COLUMN id ADD GENERATED BY DEFAULT AS IDENTITY (
    SEQUENCE NAME public.django_celery_beat_intervalschedule_id_seq
    START WITH 1
    INCREMENT BY 1
    NO MINVALUE
    NO MAXVALUE
    CACHE 1
);


--
-- Name: django_celery_beat_periodictask; Type: TABLE; Schema: public; Owner: postgres
--

CREATE TABLE public.django_celery_beat_periodictask (
    id integer NOT NULL,
    name character varying(200) NOT NULL,
    task character varying(200) NOT NULL,
    args text NOT NULL,
    kwargs text NOT NULL,
    queue character varying(200),
    exchange character varying(200),
    routing_key character varying(200),
    expires timestamp with time zone,
    enabled boolean NOT NULL,
    last_run_at timestamp with time zone,
    total_run_count integer NOT NULL,
    date_changed timestamp with time zone NOT NULL,
    description text NOT NULL,
    crontab_id integer,
    interval_id integer,
    solar_id integer,
    one_off boolean NOT NULL,
    start_time timestamp with time zone,
    priority integer,
    headers text NOT NULL,
    clocked_id integer,
    expire_seconds integer,
    CONSTRAINT django_celery_beat_periodictask_expire_seconds_check CHECK ((expire_seconds >= 0)),
    CONSTRAINT django_celery_beat_periodictask_priority_check CHECK ((priority >= 0)),
    CONSTRAINT django_celery_beat_periodictask_total_run_count_check CHECK ((total_run_count >= 0))
);


ALTER TABLE public.django_celery_beat_periodictask OWNER TO postgres;

--
-- Name: django_celery_beat_periodictask_id_seq; Type: SEQUENCE; Schema: public; Owner: postgres
--

ALTER TABLE public.django_celery_beat_periodictask ALTER COLUMN id ADD GENERATED BY DEFAULT AS IDENTITY (
    SEQUENCE NAME public.django_celery_beat_periodictask_id_seq
    START WITH 1
    INCREMENT BY 1
    NO MINVALUE
    NO MAXVALUE
    CACHE 1
);


--
-- Name: django_celery_beat_periodictasks; Type: TABLE; Schema: public; Owner: postgres
--

CREATE TABLE public.django_celery_beat_periodictasks (
    ident smallint NOT NULL,
    last_update timestamp with time zone NOT NULL
);


ALTER TABLE public.django_celery_beat_periodictasks OWNER TO postgres;

--
-- Name: django_celery_beat_solarschedule; Type: TABLE; Schema: public; Owner: postgres
--

CREATE TABLE public.django_celery_beat_solarschedule (
    id integer NOT NULL,
    event character varying(24) NOT NULL,
    latitude numeric(9,6) NOT NULL,
    longitude numeric(9,6) NOT NULL
);


ALTER TABLE public.django_celery_beat_solarschedule OWNER TO postgres;

--
-- Name: django_celery_beat_solarschedule_id_seq; Type: SEQUENCE; Schema: public; Owner: postgres
--

ALTER TABLE public.django_celery_beat_solarschedule ALTER COLUMN id ADD GENERATED BY DEFAULT AS IDENTITY (
    SEQUENCE NAME public.django_celery_beat_solarschedule_id_seq
    START WITH 1
    INCREMENT BY 1
    NO MINVALUE
    NO MAXVALUE
    CACHE 1
);


--
-- Name: django_celery_results_chordcounter; Type: TABLE; Schema: public; Owner: postgres
--

CREATE TABLE public.django_celery_results_chordcounter (
    id integer NOT NULL,
    group_id character varying(255) NOT NULL,
    sub_tasks text NOT NULL,
    count integer NOT NULL,
    CONSTRAINT django_celery_results_chordcounter_count_check CHECK ((count >= 0))
);


ALTER TABLE public.django_celery_results_chordcounter OWNER TO postgres;

--
-- Name: django_celery_results_chordcounter_id_seq; Type: SEQUENCE; Schema: public; Owner: postgres
--

ALTER TABLE public.django_celery_results_chordcounter ALTER COLUMN id ADD GENERATED BY DEFAULT AS IDENTITY (
    SEQUENCE NAME public.django_celery_results_chordcounter_id_seq
    START WITH 1
    INCREMENT BY 1
    NO MINVALUE
    NO MAXVALUE
    CACHE 1
);


--
-- Name: django_celery_results_groupresult; Type: TABLE; Schema: public; Owner: postgres
--

CREATE TABLE public.django_celery_results_groupresult (
    id integer NOT NULL,
    group_id character varying(255) NOT NULL,
    date_created timestamp with time zone NOT NULL,
    date_done timestamp with time zone NOT NULL,
    content_type character varying(128) NOT NULL,
    content_encoding character varying(64) NOT NULL,
    result text
);


ALTER TABLE public.django_celery_results_groupresult OWNER TO postgres;

--
-- Name: django_celery_results_groupresult_id_seq; Type: SEQUENCE; Schema: public; Owner: postgres
--

ALTER TABLE public.django_celery_results_groupresult ALTER COLUMN id ADD GENERATED BY DEFAULT AS IDENTITY (
    SEQUENCE NAME public.django_celery_results_groupresult_id_seq
    START WITH 1
    INCREMENT BY 1
    NO MINVALUE
    NO MAXVALUE
    CACHE 1
);


--
-- Name: django_celery_results_taskresult; Type: TABLE; Schema: public; Owner: postgres
--

CREATE TABLE public.django_celery_results_taskresult (
    id integer NOT NULL,
    task_id character varying(255) NOT NULL,
    status character varying(50) NOT NULL,
    content_type character varying(128) NOT NULL,
    content_encoding character varying(64) NOT NULL,
    result text,
    date_done timestamp with time zone NOT NULL,
    traceback text,
    meta text,
    task_args text,
    task_kwargs text,
    task_name character varying(255),
    worker character varying(100),
    date_created timestamp with time zone NOT NULL,
    periodic_task_name character varying(255)
);


ALTER TABLE public.django_celery_results_taskresult OWNER TO postgres;

--
-- Name: django_celery_results_taskresult_id_seq; Type: SEQUENCE; Schema: public; Owner: postgres
--

ALTER TABLE public.django_celery_results_taskresult ALTER COLUMN id ADD GENERATED BY DEFAULT AS IDENTITY (
    SEQUENCE NAME public.django_celery_results_taskresult_id_seq
    START WITH 1
    INCREMENT BY 1
    NO MINVALUE
    NO MAXVALUE
    CACHE 1
);


--
-- Name: django_content_type; Type: TABLE; Schema: public; Owner: postgres
--

CREATE TABLE public.django_content_type (
    id integer NOT NULL,
    app_label character varying(100) NOT NULL,
    model character varying(100) NOT NULL
);


ALTER TABLE public.django_content_type OWNER TO postgres;

--
-- Name: django_content_type_id_seq; Type: SEQUENCE; Schema: public; Owner: postgres
--

ALTER TABLE public.django_content_type ALTER COLUMN id ADD GENERATED BY DEFAULT AS IDENTITY (
    SEQUENCE NAME public.django_content_type_id_seq
    START WITH 1
    INCREMENT BY 1
    NO MINVALUE
    NO MAXVALUE
    CACHE 1
);


--
-- Name: django_migrations; Type: TABLE; Schema: public; Owner: postgres
--

CREATE TABLE public.django_migrations (
    id bigint NOT NULL,
    app character varying(255) NOT NULL,
    name character varying(255) NOT NULL,
    applied timestamp with time zone NOT NULL
);


ALTER TABLE public.django_migrations OWNER TO postgres;

--
-- Name: django_migrations_id_seq; Type: SEQUENCE; Schema: public; Owner: postgres
--

ALTER TABLE public.django_migrations ALTER COLUMN id ADD GENERATED BY DEFAULT AS IDENTITY (
    SEQUENCE NAME public.django_migrations_id_seq
    START WITH 1
    INCREMENT BY 1
    NO MINVALUE
    NO MAXVALUE
    CACHE 1
);


--
-- Name: django_session; Type: TABLE; Schema: public; Owner: postgres
--

CREATE TABLE public.django_session (
    session_key character varying(40) NOT NULL,
    session_data text NOT NULL,
    expire_date timestamp with time zone NOT NULL
);


ALTER TABLE public.django_session OWNER TO postgres;

--
-- Name: payments_companysettings; Type: TABLE; Schema: public; Owner: postgres
--

CREATE TABLE public.payments_companysettings (
    id bigint NOT NULL,
    name_ar character varying(300) NOT NULL,
    name_en character varying(300) NOT NULL,
    email character varying(254) NOT NULL,
    phone character varying(50) NOT NULL,
    website character varying(120) NOT NULL,
    address character varying(300) NOT NULL,
    trn character varying(50) NOT NULL,
    license_no character varying(50) NOT NULL,
    logo character varying(100),
    stamp character varying(100),
    invoice_footer text NOT NULL,
    updated_at timestamp with time zone NOT NULL,
    signature character varying(100)
);


ALTER TABLE public.payments_companysettings OWNER TO postgres;

--
-- Name: payments_companysettings_id_seq; Type: SEQUENCE; Schema: public; Owner: postgres
--

ALTER TABLE public.payments_companysettings ALTER COLUMN id ADD GENERATED BY DEFAULT AS IDENTITY (
    SEQUENCE NAME public.payments_companysettings_id_seq
    START WITH 1
    INCREMENT BY 1
    NO MINVALUE
    NO MAXVALUE
    CACHE 1
);


--
-- Name: payments_expense; Type: TABLE; Schema: public; Owner: postgres
--

CREATE TABLE public.payments_expense (
    id bigint NOT NULL,
    category character varying(30) NOT NULL,
    title character varying(200) NOT NULL,
    amount numeric(12,2) NOT NULL,
    currency character varying(10) NOT NULL,
    spent_at date NOT NULL,
    recurrence character varying(20) NOT NULL,
    notes text NOT NULL,
    created_at timestamp with time zone NOT NULL,
    attachment character varying(100),
    tenant_id bigint
);


ALTER TABLE public.payments_expense OWNER TO postgres;

--
-- Name: payments_expense_id_seq; Type: SEQUENCE; Schema: public; Owner: postgres
--

ALTER TABLE public.payments_expense ALTER COLUMN id ADD GENERATED BY DEFAULT AS IDENTITY (
    SEQUENCE NAME public.payments_expense_id_seq
    START WITH 1
    INCREMENT BY 1
    NO MINVALUE
    NO MAXVALUE
    CACHE 1
);


--
-- Name: payments_invoice; Type: TABLE; Schema: public; Owner: postgres
--

CREATE TABLE public.payments_invoice (
    id bigint NOT NULL,
    invoice_number character varying(40) NOT NULL,
    token uuid NOT NULL,
    company_name character varying(200) NOT NULL,
    email_sent_at timestamp with time zone,
    opened_at timestamp with time zone,
    open_count integer NOT NULL,
    last_open_ip character varying(80) NOT NULL,
    last_open_user_agent text NOT NULL,
    created_at timestamp with time zone NOT NULL,
    payment_id bigint NOT NULL,
    tenant_id bigint,
    CONSTRAINT payments_invoice_open_count_check CHECK ((open_count >= 0))
);


ALTER TABLE public.payments_invoice OWNER TO postgres;

--
-- Name: payments_invoice_id_seq; Type: SEQUENCE; Schema: public; Owner: postgres
--

ALTER TABLE public.payments_invoice ALTER COLUMN id ADD GENERATED BY DEFAULT AS IDENTITY (
    SEQUENCE NAME public.payments_invoice_id_seq
    START WITH 1
    INCREMENT BY 1
    NO MINVALUE
    NO MAXVALUE
    CACHE 1
);


--
-- Name: payments_payment; Type: TABLE; Schema: public; Owner: postgres
--

CREATE TABLE public.payments_payment (
    id bigint NOT NULL,
    source character varying(80) NOT NULL,
    customer_name character varying(200) NOT NULL,
    customer_email character varying(254) NOT NULL,
    description character varying(300) NOT NULL,
    amount numeric(12,2) NOT NULL,
    currency character varying(10) NOT NULL,
    stripe_fee numeric(12,2) NOT NULL,
    net_amount numeric(12,2) NOT NULL,
    status character varying(20) NOT NULL,
    stripe_checkout_session_id character varying(255) NOT NULL,
    stripe_payment_intent_id character varying(255) NOT NULL,
    stripe_charge_id character varying(255) NOT NULL,
    stripe_balance_transaction_id character varying(255) NOT NULL,
    raw_data jsonb NOT NULL,
    created_at timestamp with time zone NOT NULL,
    paid_at timestamp with time zone,
    updated_at timestamp with time zone NOT NULL,
    tenant_id bigint
);


ALTER TABLE public.payments_payment OWNER TO postgres;

--
-- Name: payments_payment_id_seq; Type: SEQUENCE; Schema: public; Owner: postgres
--

ALTER TABLE public.payments_payment ALTER COLUMN id ADD GENERATED BY DEFAULT AS IDENTITY (
    SEQUENCE NAME public.payments_payment_id_seq
    START WITH 1
    INCREMENT BY 1
    NO MINVALUE
    NO MAXVALUE
    CACHE 1
);


--
-- Name: payments_salesinvoice; Type: TABLE; Schema: public; Owner: postgres
--

CREATE TABLE public.payments_salesinvoice (
    id bigint NOT NULL,
    kind character varying(10) NOT NULL,
    invoice_number character varying(40) NOT NULL,
    token uuid NOT NULL,
    customer_name character varying(200) NOT NULL,
    customer_email character varying(254) NOT NULL,
    customer_phone character varying(50) NOT NULL,
    customer_address character varying(300) NOT NULL,
    payment_method character varying(20) NOT NULL,
    payment_ref character varying(120) NOT NULL,
    status character varying(12) NOT NULL,
    currency character varying(10) NOT NULL,
    tax_rate numeric(5,2) NOT NULL,
    notes text NOT NULL,
    issue_date date NOT NULL,
    due_date date,
    created_at timestamp with time zone NOT NULL,
    updated_at timestamp with time zone NOT NULL,
    tenant_id bigint
);


ALTER TABLE public.payments_salesinvoice OWNER TO postgres;

--
-- Name: payments_salesinvoice_id_seq; Type: SEQUENCE; Schema: public; Owner: postgres
--

ALTER TABLE public.payments_salesinvoice ALTER COLUMN id ADD GENERATED BY DEFAULT AS IDENTITY (
    SEQUENCE NAME public.payments_salesinvoice_id_seq
    START WITH 1
    INCREMENT BY 1
    NO MINVALUE
    NO MAXVALUE
    CACHE 1
);


--
-- Name: payments_salesinvoiceitem; Type: TABLE; Schema: public; Owner: postgres
--

CREATE TABLE public.payments_salesinvoiceitem (
    id bigint NOT NULL,
    description character varying(300) NOT NULL,
    quantity numeric(10,2) NOT NULL,
    unit_price numeric(12,2) NOT NULL,
    "order" integer NOT NULL,
    invoice_id bigint NOT NULL,
    CONSTRAINT payments_salesinvoiceitem_order_check CHECK (("order" >= 0))
);


ALTER TABLE public.payments_salesinvoiceitem OWNER TO postgres;

--
-- Name: payments_salesinvoiceitem_id_seq; Type: SEQUENCE; Schema: public; Owner: postgres
--

ALTER TABLE public.payments_salesinvoiceitem ALTER COLUMN id ADD GENERATED BY DEFAULT AS IDENTITY (
    SEQUENCE NAME public.payments_salesinvoiceitem_id_seq
    START WITH 1
    INCREMENT BY 1
    NO MINVALUE
    NO MAXVALUE
    CACHE 1
);


--
-- Name: payments_stripepayout; Type: TABLE; Schema: public; Owner: postgres
--

CREATE TABLE public.payments_stripepayout (
    id bigint NOT NULL,
    payout_id character varying(255) NOT NULL,
    amount numeric(12,2) NOT NULL,
    currency character varying(10) NOT NULL,
    status character varying(40) NOT NULL,
    arrival_date timestamp with time zone,
    raw_data jsonb NOT NULL,
    created_at timestamp with time zone NOT NULL
);


ALTER TABLE public.payments_stripepayout OWNER TO postgres;

--
-- Name: payments_stripepayout_id_seq; Type: SEQUENCE; Schema: public; Owner: postgres
--

ALTER TABLE public.payments_stripepayout ALTER COLUMN id ADD GENERATED BY DEFAULT AS IDENTITY (
    SEQUENCE NAME public.payments_stripepayout_id_seq
    START WITH 1
    INCREMENT BY 1
    NO MINVALUE
    NO MAXVALUE
    CACHE 1
);


--
-- Name: payments_stripewebhookevent; Type: TABLE; Schema: public; Owner: postgres
--

CREATE TABLE public.payments_stripewebhookevent (
    id bigint NOT NULL,
    event_id character varying(255) NOT NULL,
    event_type character varying(120) NOT NULL,
    payload jsonb NOT NULL,
    processed boolean NOT NULL,
    error text NOT NULL,
    created_at timestamp with time zone NOT NULL
);


ALTER TABLE public.payments_stripewebhookevent OWNER TO postgres;

--
-- Name: payments_stripewebhookevent_id_seq; Type: SEQUENCE; Schema: public; Owner: postgres
--

ALTER TABLE public.payments_stripewebhookevent ALTER COLUMN id ADD GENERATED BY DEFAULT AS IDENTITY (
    SEQUENCE NAME public.payments_stripewebhookevent_id_seq
    START WITH 1
    INCREMENT BY 1
    NO MINVALUE
    NO MAXVALUE
    CACHE 1
);


--
-- Name: platform_core_modulecatalog; Type: TABLE; Schema: public; Owner: postgres
--

CREATE TABLE public.platform_core_modulecatalog (
    id bigint NOT NULL,
    code character varying(50) NOT NULL,
    name_ar character varying(120) NOT NULL,
    name_en character varying(120) NOT NULL,
    description text NOT NULL,
    is_active boolean NOT NULL,
    sort_order integer NOT NULL,
    CONSTRAINT platform_core_modulecatalog_sort_order_check CHECK ((sort_order >= 0))
);


ALTER TABLE public.platform_core_modulecatalog OWNER TO postgres;

--
-- Name: platform_core_modulecatalog_id_seq; Type: SEQUENCE; Schema: public; Owner: postgres
--

ALTER TABLE public.platform_core_modulecatalog ALTER COLUMN id ADD GENERATED BY DEFAULT AS IDENTITY (
    SEQUENCE NAME public.platform_core_modulecatalog_id_seq
    START WITH 1
    INCREMENT BY 1
    NO MINVALUE
    NO MAXVALUE
    CACHE 1
);


--
-- Name: platform_core_platformauditlog; Type: TABLE; Schema: public; Owner: postgres
--

CREATE TABLE public.platform_core_platformauditlog (
    id bigint NOT NULL,
    action character varying(120) NOT NULL,
    target_model character varying(120) NOT NULL,
    target_id character varying(120) NOT NULL,
    data jsonb NOT NULL,
    created_at timestamp with time zone NOT NULL,
    actor_id integer,
    tenant_id bigint
);


ALTER TABLE public.platform_core_platformauditlog OWNER TO postgres;

--
-- Name: platform_core_platformauditlog_id_seq; Type: SEQUENCE; Schema: public; Owner: postgres
--

ALTER TABLE public.platform_core_platformauditlog ALTER COLUMN id ADD GENERATED BY DEFAULT AS IDENTITY (
    SEQUENCE NAME public.platform_core_platformauditlog_id_seq
    START WITH 1
    INCREMENT BY 1
    NO MINVALUE
    NO MAXVALUE
    CACHE 1
);


--
-- Name: platform_core_tenant; Type: TABLE; Schema: public; Owner: postgres
--

CREATE TABLE public.platform_core_tenant (
    id bigint NOT NULL,
    name character varying(180) NOT NULL,
    slug character varying(80) NOT NULL,
    status character varying(20) NOT NULL,
    owner_name character varying(180) NOT NULL,
    owner_email character varying(254) NOT NULL,
    owner_phone character varying(50) NOT NULL,
    domain character varying(180) NOT NULL,
    plan_name character varying(80) NOT NULL,
    modules jsonb NOT NULL,
    limits jsonb NOT NULL,
    notes text NOT NULL,
    subscription_starts_at date,
    subscription_ends_at date,
    created_at timestamp with time zone NOT NULL,
    updated_at timestamp with time zone NOT NULL
);


ALTER TABLE public.platform_core_tenant OWNER TO postgres;

--
-- Name: platform_core_tenant_id_seq; Type: SEQUENCE; Schema: public; Owner: postgres
--

ALTER TABLE public.platform_core_tenant ALTER COLUMN id ADD GENERATED BY DEFAULT AS IDENTITY (
    SEQUENCE NAME public.platform_core_tenant_id_seq
    START WITH 1
    INCREMENT BY 1
    NO MINVALUE
    NO MAXVALUE
    CACHE 1
);


--
-- Name: platform_core_tenantmembership; Type: TABLE; Schema: public; Owner: postgres
--

CREATE TABLE public.platform_core_tenantmembership (
    id bigint NOT NULL,
    role_name character varying(80) NOT NULL,
    is_tenant_admin boolean NOT NULL,
    is_active boolean NOT NULL,
    permissions jsonb NOT NULL,
    created_at timestamp with time zone NOT NULL,
    updated_at timestamp with time zone NOT NULL,
    tenant_id bigint NOT NULL,
    user_id integer NOT NULL,
    role_id bigint
);


ALTER TABLE public.platform_core_tenantmembership OWNER TO postgres;

--
-- Name: platform_core_tenantmembership_id_seq; Type: SEQUENCE; Schema: public; Owner: postgres
--

ALTER TABLE public.platform_core_tenantmembership ALTER COLUMN id ADD GENERATED BY DEFAULT AS IDENTITY (
    SEQUENCE NAME public.platform_core_tenantmembership_id_seq
    START WITH 1
    INCREMENT BY 1
    NO MINVALUE
    NO MAXVALUE
    CACHE 1
);


--
-- Name: platform_core_tenantrole; Type: TABLE; Schema: public; Owner: postgres
--

CREATE TABLE public.platform_core_tenantrole (
    id bigint NOT NULL,
    name character varying(100) NOT NULL,
    description text NOT NULL,
    permissions jsonb NOT NULL,
    is_active boolean NOT NULL,
    is_system boolean NOT NULL,
    created_at timestamp with time zone NOT NULL,
    updated_at timestamp with time zone NOT NULL,
    tenant_id bigint NOT NULL
);


ALTER TABLE public.platform_core_tenantrole OWNER TO postgres;

--
-- Name: platform_core_tenantrole_id_seq; Type: SEQUENCE; Schema: public; Owner: postgres
--

ALTER TABLE public.platform_core_tenantrole ALTER COLUMN id ADD GENERATED BY DEFAULT AS IDENTITY (
    SEQUENCE NAME public.platform_core_tenantrole_id_seq
    START WITH 1
    INCREMENT BY 1
    NO MINVALUE
    NO MAXVALUE
    CACHE 1
);


--
-- Name: recipients_mailinglist; Type: TABLE; Schema: public; Owner: postgres
--

CREATE TABLE public.recipients_mailinglist (
    id bigint NOT NULL,
    name character varying(200) NOT NULL,
    description text NOT NULL,
    created_at timestamp with time zone NOT NULL,
    updated_at timestamp with time zone NOT NULL,
    owner_id integer
);


ALTER TABLE public.recipients_mailinglist OWNER TO postgres;

--
-- Name: recipients_mailinglist_id_seq; Type: SEQUENCE; Schema: public; Owner: postgres
--

ALTER TABLE public.recipients_mailinglist ALTER COLUMN id ADD GENERATED BY DEFAULT AS IDENTITY (
    SEQUENCE NAME public.recipients_mailinglist_id_seq
    START WITH 1
    INCREMENT BY 1
    NO MINVALUE
    NO MAXVALUE
    CACHE 1
);


--
-- Name: recipients_recipient; Type: TABLE; Schema: public; Owner: postgres
--

CREATE TABLE public.recipients_recipient (
    id bigint NOT NULL,
    name character varying(200) NOT NULL,
    email character varying(254) NOT NULL,
    phone character varying(50) NOT NULL,
    custom_field_1 character varying(500) NOT NULL,
    custom_field_2 character varying(500) NOT NULL,
    is_active boolean NOT NULL,
    is_unsubscribed boolean NOT NULL,
    unsubscribed_at timestamp with time zone,
    created_at timestamp with time zone NOT NULL,
    updated_at timestamp with time zone NOT NULL,
    mailing_list_id bigint NOT NULL
);


ALTER TABLE public.recipients_recipient OWNER TO postgres;

--
-- Name: recipients_recipient_id_seq; Type: SEQUENCE; Schema: public; Owner: postgres
--

ALTER TABLE public.recipients_recipient ALTER COLUMN id ADD GENERATED BY DEFAULT AS IDENTITY (
    SEQUENCE NAME public.recipients_recipient_id_seq
    START WITH 1
    INCREMENT BY 1
    NO MINVALUE
    NO MAXVALUE
    CACHE 1
);


--
-- Name: recipients_unsubscribelist; Type: TABLE; Schema: public; Owner: postgres
--

CREATE TABLE public.recipients_unsubscribelist (
    id bigint NOT NULL,
    email character varying(254) NOT NULL,
    reason text NOT NULL,
    created_at timestamp with time zone NOT NULL
);


ALTER TABLE public.recipients_unsubscribelist OWNER TO postgres;

--
-- Name: recipients_unsubscribelist_id_seq; Type: SEQUENCE; Schema: public; Owner: postgres
--

ALTER TABLE public.recipients_unsubscribelist ALTER COLUMN id ADD GENERATED BY DEFAULT AS IDENTITY (
    SEQUENCE NAME public.recipients_unsubscribelist_id_seq
    START WITH 1
    INCREMENT BY 1
    NO MINVALUE
    NO MAXVALUE
    CACHE 1
);


--
-- Name: recipients_uploadbatch; Type: TABLE; Schema: public; Owner: postgres
--

CREATE TABLE public.recipients_uploadbatch (
    id bigint NOT NULL,
    file character varying(100) NOT NULL,
    original_name character varying(255) NOT NULL,
    status character varying(20) NOT NULL,
    total_rows integer NOT NULL,
    imported integer NOT NULL,
    duplicates integer NOT NULL,
    invalid integer NOT NULL,
    error_report jsonb NOT NULL,
    email_column character varying(100) NOT NULL,
    created_at timestamp with time zone NOT NULL,
    mailing_list_id bigint NOT NULL
);


ALTER TABLE public.recipients_uploadbatch OWNER TO postgres;

--
-- Name: recipients_uploadbatch_id_seq; Type: SEQUENCE; Schema: public; Owner: postgres
--

ALTER TABLE public.recipients_uploadbatch ALTER COLUMN id ADD GENERATED BY DEFAULT AS IDENTITY (
    SEQUENCE NAME public.recipients_uploadbatch_id_seq
    START WITH 1
    INCREMENT BY 1
    NO MINVALUE
    NO MAXVALUE
    CACHE 1
);


--
-- Name: templates_mgr_bankpaymentpage; Type: TABLE; Schema: public; Owner: postgres
--

CREATE TABLE public.templates_mgr_bankpaymentpage (
    id bigint NOT NULL,
    code character varying(12) NOT NULL,
    title character varying(200) NOT NULL,
    bank_name character varying(200) NOT NULL,
    account_name character varying(200) NOT NULL,
    iban character varying(80) NOT NULL,
    account_number character varying(80) NOT NULL,
    swift character varying(40) NOT NULL,
    country character varying(80) NOT NULL,
    currency character varying(20) NOT NULL,
    amount character varying(40) NOT NULL,
    notes text NOT NULL,
    created_at timestamp with time zone NOT NULL,
    owner_id integer
);


ALTER TABLE public.templates_mgr_bankpaymentpage OWNER TO postgres;

--
-- Name: templates_mgr_bankpaymentpage_id_seq; Type: SEQUENCE; Schema: public; Owner: postgres
--

ALTER TABLE public.templates_mgr_bankpaymentpage ALTER COLUMN id ADD GENERATED BY DEFAULT AS IDENTITY (
    SEQUENCE NAME public.templates_mgr_bankpaymentpage_id_seq
    START WITH 1
    INCREMENT BY 1
    NO MINVALUE
    NO MAXVALUE
    CACHE 1
);


--
-- Name: templates_mgr_emailtemplate; Type: TABLE; Schema: public; Owner: postgres
--

CREATE TABLE public.templates_mgr_emailtemplate (
    id bigint NOT NULL,
    name character varying(200) NOT NULL,
    subject character varying(500) NOT NULL,
    body_html text NOT NULL,
    body_text text NOT NULL,
    is_active boolean NOT NULL,
    created_at timestamp with time zone NOT NULL,
    updated_at timestamp with time zone NOT NULL,
    owner_id integer,
    blocks_json text NOT NULL
);


ALTER TABLE public.templates_mgr_emailtemplate OWNER TO postgres;

--
-- Name: templates_mgr_emailtemplate_id_seq; Type: SEQUENCE; Schema: public; Owner: postgres
--

ALTER TABLE public.templates_mgr_emailtemplate ALTER COLUMN id ADD GENERATED BY DEFAULT AS IDENTITY (
    SEQUENCE NAME public.templates_mgr_emailtemplate_id_seq
    START WITH 1
    INCREMENT BY 1
    NO MINVALUE
    NO MAXVALUE
    CACHE 1
);


--
-- Data for Name: accounting_customer; Type: TABLE DATA; Schema: public; Owner: postgres
--

COPY public.accounting_customer (id, name, email, phone, company, address, trn, notes, is_active, created_at, updated_at) FROM stdin;
1	Ahmed Ismail Anaqweh	ahmadanakwa@gmail.com	0543475500	DUBAI	DUBAI-ALMHASNA4	104863757100001		t	2026-06-20 01:28:01.845126+00	2026-06-20 01:28:01.845154+00
\.


--
-- Data for Name: accounts_auditlog; Type: TABLE DATA; Schema: public; Owner: postgres
--

COPY public.accounts_auditlog (id, username, action, details, ip_address, created_at, user_id) FROM stdin;
1	admin	تسجيل دخول	دخل المستخدم admin	2.50.25.129	2026-06-18 05:57:17.97086+00	1
2	admin	تسجيل دخول	دخل المستخدم admin	2.48.62.251	2026-06-18 07:22:53.389956+00	1
3	ahmed	تسجيل دخول	دخل المستخدم ahmed	86.99.70.173	2026-06-18 18:15:37.400199+00	3
4	كوكي	تسجيل دخول	دخل المستخدم كوكي	86.99.70.173	2026-06-18 19:33:29.015715+00	4
5	admin	إطلاق حملة	الحملة: AHMED ISMAIL ANAQWEH	86.99.70.173	2026-06-18 22:15:08.924055+00	1
6	admin	تسجيل دخول	دخل المستخدم admin	86.99.70.173	2026-06-18 23:39:37.40622+00	1
7	admin	إطلاق حملة	الحملة: INEXC	86.99.70.173	2026-06-19 00:53:35.257841+00	1
8	admin	إطلاق حملة	الحملة: AHMED ISMAIL ANAQWEH	86.99.70.173	2026-06-19 00:55:16.338098+00	1
9	admin	تسجيل دخول	دخل المستخدم admin	94.57.64.99	2026-06-19 07:30:06.331513+00	1
10	كوكي	تسجيل دخول	دخل المستخدم كوكي	86.99.70.173	2026-06-19 14:55:50.21191+00	4
11	admin	حملة: pause	الحملة: AHMED ISMAIL ANAQWEH	86.99.70.173	2026-06-19 19:20:35.478164+00	1
12	admin	حملة: pause	الحملة: AHMED ISMAIL ANAQWEH	86.99.70.173	2026-06-19 19:20:45.884814+00	1
13	admin	حملة: start	الحملة: AHMED ISMAIL ANAQWEH	86.99.70.173	2026-06-19 19:20:48.031985+00	1
14	admin	تسجيل دخول	دخل المستخدم admin	86.99.70.173	2026-06-19 19:35:15.576922+00	1
15	admin	تسجيل دخول	دخل المستخدم admin	86.99.70.173	2026-06-19 20:42:30.165783+00	1
16	admin	تسجيل دخول	دخل المستخدم admin	86.99.70.173	2026-06-19 20:42:30.883078+00	1
17	admin	تسجيل دخول	دخل المستخدم admin	86.99.70.173	2026-06-20 20:43:29.290289+00	1
18	admin	تسجيل دخول	دخل المستخدم admin	86.99.70.173	2026-06-20 21:41:24.695488+00	1
19	admin	تسجيل دخول	دخل المستخدم admin	86.99.70.173	2026-06-21 11:42:51.561908+00	1
\.


--
-- Data for Name: accounts_useremailjsconfig; Type: TABLE DATA; Schema: public; Owner: postgres
--

COPY public.accounts_useremailjsconfig (id, service_id, template_id, public_key, private_key, from_email, from_name, is_configured, created_at, updated_at, user_id) FROM stdin;
2	service_58hjcoc	template_f41zuio	gc0MqAK4Mwebs_GOg	fEA8p0exMb290-Xi0bjfU	inexc@gmail.com	شركة التميز الابتكاري	t	2026-06-18 18:17:45.914377+00	2026-06-18 20:27:33.937493+00	3
4	service_3vvjm5h	template_jpwua8o	JGASb27vGgYt6doJh				f	2026-06-18 22:47:59.378036+00	2026-06-18 22:47:59.38466+00	2
1	service_3vvjm5h	template_jpwua8o	abbb04F6aCaG_Hmn-	nB346GicZLtrkhBK9rnH_	info@inexc.com	شركة التميز الابتكاري	t	2026-06-18 17:35:55.261123+00	2026-06-20 04:36:27.676883+00	1
3	service_3vvjm5h	template_jpwua8o	JGASb27vGgYt6doJh	eimKQQ4pDIgrvuWRYiI0q	info@inexc.com	شركة التميز الابتكاري	t	2026-06-18 19:32:42.418708+00	2026-06-21 17:11:05.344603+00	4
5							f	2026-06-21 20:26:55.559791+00	2026-06-21 20:26:55.55982+00	6
\.


--
-- Data for Name: accounts_userprofile; Type: TABLE DATA; Schema: public; Owner: postgres
--

COPY public.accounts_userprofile (id, note, max_sends, must_change_password, created_at, updated_at, user_id) FROM stdin;
2		0	f	2026-06-18 20:20:19.424464+00	2026-06-18 20:27:33.947186+00	3
1		0	f	2026-06-18 20:10:27.587494+00	2026-06-21 17:11:05.361807+00	4
3		0	f	2026-06-21 20:26:55.570379+00	2026-06-21 20:26:55.570409+00	6
\.


--
-- Data for Name: auth_group; Type: TABLE DATA; Schema: public; Owner: postgres
--

COPY public.auth_group (id, name) FROM stdin;
\.


--
-- Data for Name: auth_group_permissions; Type: TABLE DATA; Schema: public; Owner: postgres
--

COPY public.auth_group_permissions (id, group_id, permission_id) FROM stdin;
\.


--
-- Data for Name: auth_permission; Type: TABLE DATA; Schema: public; Owner: postgres
--

COPY public.auth_permission (id, name, content_type_id, codename) FROM stdin;
1	Can add log entry	1	add_logentry
2	Can change log entry	1	change_logentry
3	Can delete log entry	1	delete_logentry
4	Can view log entry	1	view_logentry
5	Can add permission	2	add_permission
6	Can change permission	2	change_permission
7	Can delete permission	2	delete_permission
8	Can view permission	2	view_permission
9	Can add group	3	add_group
10	Can change group	3	change_group
11	Can delete group	3	delete_group
12	Can view group	3	view_group
13	Can add user	4	add_user
14	Can change user	4	change_user
15	Can delete user	4	delete_user
16	Can view user	4	view_user
17	Can add content type	5	add_contenttype
18	Can change content type	5	change_contenttype
19	Can delete content type	5	delete_contenttype
20	Can view content type	5	view_contenttype
21	Can add session	6	add_session
22	Can change session	6	change_session
23	Can delete session	6	delete_session
24	Can view session	6	view_session
25	Can add crontab	7	add_crontabschedule
26	Can change crontab	7	change_crontabschedule
27	Can delete crontab	7	delete_crontabschedule
28	Can view crontab	7	view_crontabschedule
29	Can add interval	8	add_intervalschedule
30	Can change interval	8	change_intervalschedule
31	Can delete interval	8	delete_intervalschedule
32	Can view interval	8	view_intervalschedule
33	Can add periodic task	9	add_periodictask
34	Can change periodic task	9	change_periodictask
35	Can delete periodic task	9	delete_periodictask
36	Can view periodic task	9	view_periodictask
37	Can add periodic tasks	10	add_periodictasks
38	Can change periodic tasks	10	change_periodictasks
39	Can delete periodic tasks	10	delete_periodictasks
40	Can view periodic tasks	10	view_periodictasks
41	Can add solar event	11	add_solarschedule
42	Can change solar event	11	change_solarschedule
43	Can delete solar event	11	delete_solarschedule
44	Can view solar event	11	view_solarschedule
45	Can add clocked	12	add_clockedschedule
46	Can change clocked	12	change_clockedschedule
47	Can delete clocked	12	delete_clockedschedule
48	Can view clocked	12	view_clockedschedule
49	Can add task result	13	add_taskresult
50	Can change task result	13	change_taskresult
51	Can delete task result	13	delete_taskresult
52	Can view task result	13	view_taskresult
53	Can add chord counter	14	add_chordcounter
54	Can change chord counter	14	change_chordcounter
55	Can delete chord counter	14	delete_chordcounter
56	Can view chord counter	14	view_chordcounter
57	Can add group result	15	add_groupresult
58	Can change group result	15	change_groupresult
59	Can delete group result	15	delete_groupresult
60	Can view group result	15	view_groupresult
61	Can add campaign	16	add_campaign
62	Can change campaign	16	change_campaign
63	Can delete campaign	16	delete_campaign
64	Can view campaign	16	view_campaign
65	Can add email log	17	add_emaillog
66	Can change email log	17	change_emaillog
67	Can delete email log	17	delete_emaillog
68	Can view email log	17	view_emaillog
69	Can add قائمة بريدية	18	add_mailinglist
70	Can change قائمة بريدية	18	change_mailinglist
71	Can delete قائمة بريدية	18	delete_mailinglist
72	Can view قائمة بريدية	18	view_mailinglist
73	Can add recipient	19	add_recipient
74	Can change recipient	19	change_recipient
75	Can delete recipient	19	delete_recipient
76	Can view recipient	19	view_recipient
77	Can add unsubscribe list	20	add_unsubscribelist
78	Can change unsubscribe list	20	change_unsubscribelist
79	Can delete unsubscribe list	20	delete_unsubscribelist
80	Can view unsubscribe list	20	view_unsubscribelist
81	Can add upload batch	21	add_uploadbatch
82	Can change upload batch	21	change_uploadbatch
83	Can delete upload batch	21	delete_uploadbatch
84	Can view upload batch	21	view_uploadbatch
85	Can add email template	22	add_emailtemplate
86	Can change email template	22	change_emailtemplate
87	Can delete email template	22	delete_emailtemplate
88	Can view email template	22	view_emailtemplate
89	Can add سجل نشاط	23	add_auditlog
90	Can change سجل نشاط	23	change_auditlog
91	Can delete سجل نشاط	23	delete_auditlog
92	Can view سجل نشاط	23	view_auditlog
93	Can add إعدادات EmailJS	24	add_useremailjsconfig
94	Can change إعدادات EmailJS	24	change_useremailjsconfig
95	Can delete إعدادات EmailJS	24	delete_useremailjsconfig
96	Can view إعدادات EmailJS	24	view_useremailjsconfig
97	Can add ملف المستخدم	25	add_userprofile
98	Can change ملف المستخدم	25	change_userprofile
99	Can delete ملف المستخدم	25	delete_userprofile
100	Can view ملف المستخدم	25	view_userprofile
101	Can add bank payment page	26	add_bankpaymentpage
102	Can change bank payment page	26	change_bankpaymentpage
103	Can delete bank payment page	26	delete_bankpaymentpage
104	Can view bank payment page	26	view_bankpaymentpage
105	Can add campaign message step	27	add_campaignmessagestep
106	Can change campaign message step	27	change_campaignmessagestep
107	Can delete campaign message step	27	delete_campaignmessagestep
108	Can view campaign message step	27	view_campaignmessagestep
109	Can add expense	28	add_expense
110	Can change expense	28	change_expense
111	Can delete expense	28	delete_expense
112	Can view expense	28	view_expense
113	Can add stripe payout	29	add_stripepayout
114	Can change stripe payout	29	change_stripepayout
115	Can delete stripe payout	29	delete_stripepayout
116	Can view stripe payout	29	view_stripepayout
117	Can add stripe webhook event	30	add_stripewebhookevent
118	Can change stripe webhook event	30	change_stripewebhookevent
119	Can delete stripe webhook event	30	delete_stripewebhookevent
120	Can view stripe webhook event	30	view_stripewebhookevent
121	Can add invoice	31	add_invoice
122	Can change invoice	31	change_invoice
123	Can delete invoice	31	delete_invoice
124	Can view invoice	31	view_invoice
125	Can add payment	32	add_payment
126	Can change payment	32	change_payment
127	Can delete payment	32	delete_payment
128	Can view payment	32	view_payment
129	Can add إعدادات الشركة	33	add_companysettings
130	Can change إعدادات الشركة	33	change_companysettings
131	Can delete إعدادات الشركة	33	delete_companysettings
132	Can view إعدادات الشركة	33	view_companysettings
133	Can add sales invoice item	34	add_salesinvoiceitem
134	Can change sales invoice item	34	change_salesinvoiceitem
135	Can delete sales invoice item	34	delete_salesinvoiceitem
136	Can view sales invoice item	34	view_salesinvoiceitem
137	Can add فاتورة	35	add_salesinvoice
138	Can change فاتورة	35	change_salesinvoice
139	Can delete فاتورة	35	delete_salesinvoice
140	Can view فاتورة	35	view_salesinvoice
141	Can add عميل	36	add_customer
142	Can change عميل	36	change_customer
143	Can delete عميل	36	delete_customer
144	Can view عميل	36	view_customer
145	Can add module catalog	37	add_modulecatalog
146	Can change module catalog	37	change_modulecatalog
147	Can delete module catalog	37	delete_modulecatalog
148	Can view module catalog	37	view_modulecatalog
149	Can add tenant membership	38	add_tenantmembership
150	Can change tenant membership	38	change_tenantmembership
151	Can delete tenant membership	38	delete_tenantmembership
152	Can view tenant membership	38	view_tenantmembership
153	Can add platform audit log	39	add_platformauditlog
154	Can change platform audit log	39	change_platformauditlog
155	Can delete platform audit log	39	delete_platformauditlog
156	Can view platform audit log	39	view_platformauditlog
157	Can add tenant	40	add_tenant
158	Can change tenant	40	change_tenant
159	Can delete tenant	40	delete_tenant
160	Can view tenant	40	view_tenant
161	Can add tenant role	41	add_tenantrole
162	Can change tenant role	41	change_tenantrole
163	Can delete tenant role	41	delete_tenantrole
164	Can view tenant role	41	view_tenantrole
165	Can add crm company	42	add_crmcompany
166	Can change crm company	42	change_crmcompany
167	Can delete crm company	42	delete_crmcompany
168	Can view crm company	42	view_crmcompany
169	Can add crm contact	43	add_crmcontact
170	Can change crm contact	43	change_crmcontact
171	Can delete crm contact	43	delete_crmcontact
172	Can view crm contact	43	view_crmcontact
173	Can add crm deal	44	add_crmdeal
174	Can change crm deal	44	change_crmdeal
175	Can delete crm deal	44	delete_crmdeal
176	Can view crm deal	44	view_crmdeal
177	Can add crm task	45	add_crmtask
178	Can change crm task	45	change_crmtask
179	Can delete crm task	45	delete_crmtask
180	Can view crm task	45	view_crmtask
181	Can add crm activity	46	add_crmactivity
182	Can change crm activity	46	change_crmactivity
183	Can delete crm activity	46	delete_crmactivity
184	Can view crm activity	46	view_crmactivity
185	Can add crm quote item	47	add_crmquoteitem
186	Can change crm quote item	47	change_crmquoteitem
187	Can delete crm quote item	47	delete_crmquoteitem
188	Can view crm quote item	47	view_crmquoteitem
189	Can add عرض سعر	48	add_crmquote
190	Can change عرض سعر	48	change_crmquote
191	Can delete عرض سعر	48	delete_crmquote
192	Can view عرض سعر	48	view_crmquote
\.


--
-- Data for Name: auth_user; Type: TABLE DATA; Schema: public; Owner: postgres
--

COPY public.auth_user (id, password, last_login, is_superuser, username, first_name, last_name, email, is_staff, is_active, date_joined) FROM stdin;
2	pbkdf2_sha256$600000$iE8PymZnrOy2GrTk5fFBdO$YgXdp136Bipqhu6iLl69zvccS3sZUUO6PUuGT8oaNfQ=	\N	f	احمد				t	t	2026-06-18 00:15:53.487096+00
1	pbkdf2_sha256$600000$bdh7Z3vAf1BntO0BL55QX1$Z1+bYFKWRcWBdD+nVJkLVWnfGyHO0FyBySJy1ksOHUA=	2026-06-21 18:56:18.807553+00	t	admin			admin@inexc.com	t	t	2026-06-17 23:17:13.45974+00
3	pbkdf2_sha256$600000$3rXno0SrEItvHcJu1bPArf$zX0NV0DwPj1r6J+Op6c9hMUQAzuTJJ5cGD1eR8Iy6aI=	2026-06-18 18:15:37.394814+00	f	ahmed				t	t	2026-06-18 17:54:01.609429+00
5	pbkdf2_sha256$600000$ubawUO6iFHGRarIPclx839$3JZ1S1ghH9p3XU5CLaq1AIP3zFFFbHUbx4w0RC6sIzo=	2026-06-21 19:08:01.974522+00	f	a	ahmad		a@admin.com	f	t	2026-06-21 17:21:50.354601+00
6	pbkdf2_sha256$600000$ojN1YdKZpA8D4WmzeHcNHG$IdkwCl3EzN/vlVIAJfNNHsU3YgOQmZL9u1jFgzFql04=	2026-06-21 19:40:18.79802+00	f	aq	aq		aa@a.com	f	t	2026-06-21 17:42:52.828172+00
7	pbkdf2_sha256$600000$63aptUolERUbnpTXmqsY9r$2nCDH86mrcVefq63rvu+Uxts46ooSquDgZuaTQHEz8k=	2026-06-21 20:38:44.17376+00	f	anakwa	أحمد	عناقوة	ahmadanakwa@gmail.com	f	t	2026-06-21 20:36:48.998879+00
8	pbkdf2_sha256$600000$PS7MLHJZM3juJ3T2wVm5Ef$0U2358+GGtfdlzBj/+1b30zRtP33i+rQNKBlG0ruQ10=	2026-06-21 21:03:51.055096+00	f	ahmad	ahmad		ahmad@ahmad.com	f	t	2026-06-21 20:44:53.280552+00
9	pbkdf2_sha256$600000$eLprOgw55JpR82yjMKMSxl$xoE2JVXE8Ud1a+BuAEUhtrNB6WeEFXrlysGKaMD6rhg=	\N	f	sh	ahh		sh@a.com	f	t	2026-06-21 21:05:02.494626+00
10	pbkdf2_sha256$600000$bUyzMx8SEzAWhDMf6JT6bY$ykbsEy21vtFuAtt/LQW72mZrItpcOb6KI2WTdAxo1jU=	\N	f	as	as		as@as.com	f	t	2026-06-21 21:06:12.51616+00
11	pbkdf2_sha256$600000$Ms8CTKOy5ZayvZmIty2oS4$p6HGTHq3Imx/UnkOBNM5PaJlTk3T0iQ1y43whfA4Mqc=	\N	f	qw	qw		qw@gmail.com	f	t	2026-06-21 21:17:33.294149+00
12	pbkdf2_sha256$600000$9UtLNtIbnNnC9ScFHp70CO$wLiwE0IWRgKGCRauD4kNSvPi2lrXKPT3avAPTRC+u28=	\N	f	za	za		za@gmail.com	f	t	2026-06-21 21:38:23.521053+00
4	pbkdf2_sha256$600000$seLAR0TRwui3bvxfeb8Wso$CBsFtUV8UVnx4aKHdOlrEUBb6J3/S0pjpGr7/+D7k6o=	2026-06-19 14:55:50.20476+00	t	كوكي	شركة	التميز الابتكاري	info@inexc.com	t	t	2026-06-18 19:32:41.813013+00
\.


--
-- Data for Name: auth_user_groups; Type: TABLE DATA; Schema: public; Owner: postgres
--

COPY public.auth_user_groups (id, user_id, group_id) FROM stdin;
\.


--
-- Data for Name: auth_user_user_permissions; Type: TABLE DATA; Schema: public; Owner: postgres
--

COPY public.auth_user_user_permissions (id, user_id, permission_id) FROM stdin;
\.


--
-- Data for Name: campaigns_campaign; Type: TABLE DATA; Schema: public; Owner: postgres
--

COPY public.campaigns_campaign (id, name, subject, body_html, body_text, status, scheduled_at, started_at, completed_at, celery_task_id, created_at, updated_at, mailing_list_id, template_id, is_recurring_active, next_run, recurrence, ab_split_percent, ab_test_enabled, ab_variant, body_html_b, subject_b, owner_id) FROM stdin;
1	AHMED ISMAIL ANAQWEH	تجربة	58	6	running	\N	\N	\N		2026-06-18 22:15:08.716575+00	2026-06-18 22:15:08.7367+00	1	\N	f	\N	none	50	f				1
2	INEXC	تجربة اخرى	ح0ح	ح0909	running	\N	\N	\N		2026-06-19 00:53:34.997724+00	2026-06-19 00:53:35.008011+00	2	\N	f	\N	none	50	f				1
3	AHMED ISMAIL ANAQWEH	كحكح	حكحكح	حكحك	running	\N	\N	\N		2026-06-19 00:55:16.317188+00	2026-06-19 19:20:48.037687+00	2	\N	f	\N	none	50	f				1
\.


--
-- Data for Name: campaigns_campaignmessagestep; Type: TABLE DATA; Schema: public; Owner: postgres
--

COPY public.campaigns_campaignmessagestep (id, step_number, title, subject, body_html, body_text, send_at, delay_minutes, is_active, sent_at, created_at, campaign_id) FROM stdin;
\.


--
-- Data for Name: campaigns_emaillog; Type: TABLE DATA; Schema: public; Owner: postgres
--

COPY public.campaigns_emaillog (id, recipient_name, recipient_email, status, error_message, attempts, last_attempt_at, sent_at, message_id, emailjs_response, created_at, campaign_id, recipient_id, click_count, clicked_at, open_count, opened_at, body_html_snapshot, body_text_snapshot, subject_snapshot, message_step_id) FROM stdin;
\.


--
-- Data for Name: crm_crmcompany; Type: TABLE DATA; Schema: public; Owner: postgres
--

COPY public.crm_crmcompany (id, name, status, source, industry, website, email, phone, country, city, address, trn, notes, created_at, updated_at, owner_id, tenant_id) FROM stdin;
1	47	customer	7	7	7	ahmadanakwa@gmail.com	7	7		7	7	7	2026-06-21 13:16:02.384489+00	2026-06-21 14:45:03.565853+00	4	1
\.


--
-- Data for Name: crm_crmcontact; Type: TABLE DATA; Schema: public; Owner: postgres
--

COPY public.crm_crmcontact (id, full_name, job_title, email, phone, whatsapp, source, notes, created_at, updated_at, company_id, owner_id, tenant_id) FROM stdin;
\.


--
-- Data for Name: crm_crmdeal; Type: TABLE DATA; Schema: public; Owner: postgres
--

COPY public.crm_crmdeal (id, title, stage, value, currency, probability, expected_close_date, notes, created_at, updated_at, company_id, contact_id, owner_id, tenant_id) FROM stdin;
\.


--
-- Data for Name: crm_crmquote; Type: TABLE DATA; Schema: public; Owner: postgres
--

COPY public.crm_crmquote (id, quote_number, title, status, currency, tax_rate, subtotal, tax_amount, total, valid_until, notes, created_at, updated_at, company_id, contact_id, deal_id, owner_id, tenant_id) FROM stdin;
1	QTE-2026-0001	عرض الطالب	accepted	AED	5.00	2000.00	100.00	2100.00	2026-06-25		2026-06-21 14:13:09.235845+00	2026-06-21 14:13:09.255659+00	1	\N	\N	1	1
\.


--
-- Data for Name: crm_crmquoteitem; Type: TABLE DATA; Schema: public; Owner: postgres
--

COPY public.crm_crmquoteitem (id, description, quantity, unit_price, "order", quote_id) FROM stdin;
1	عرض كتاب الطالب+الأنشطة	1.00	2000.00	0	1
\.


--
-- Data for Name: crm_crmtask; Type: TABLE DATA; Schema: public; Owner: postgres
--

COPY public.crm_crmtask (id, title, task_type, status, priority, due_at, notes, completed_at, created_at, assigned_to_id, company_id, contact_id, deal_id, tenant_id) FROM stdin;
\.


--
-- Data for Name: django_admin_log; Type: TABLE DATA; Schema: public; Owner: postgres
--

COPY public.django_admin_log (id, action_time, object_id, object_repr, action_flag, change_message, content_type_id, user_id) FROM stdin;
1	2026-06-19 22:26:37.995568+00	1	شركة التميز الابتكاري لتصميم نظم الحاسب الآلي التعليمية والتدريبية	2	[{"changed": {"fields": ["Logo", "Stamp"]}}]	33	1
2	2026-06-19 22:27:13.638746+00	1	شركة التميز الابتكاري لتصميم نظم الحاسب الآلي التعليمية والتدريبية	2	[{"changed": {"fields": ["Phone"]}}]	33	1
3	2026-06-19 23:15:34.53191+00	1	شركة التميز الابتكاري لتصميم نظم الحاسب الآلي التعليمية والتدريبية	2	[{"changed": {"fields": ["Signature"]}}]	33	1
\.


--
-- Data for Name: django_celery_beat_clockedschedule; Type: TABLE DATA; Schema: public; Owner: postgres
--

COPY public.django_celery_beat_clockedschedule (id, clocked_time) FROM stdin;
\.


--
-- Data for Name: django_celery_beat_crontabschedule; Type: TABLE DATA; Schema: public; Owner: postgres
--

COPY public.django_celery_beat_crontabschedule (id, minute, hour, day_of_week, day_of_month, month_of_year, timezone) FROM stdin;
1	0	4	*	*	*	Asia/Dubai
\.


--
-- Data for Name: django_celery_beat_intervalschedule; Type: TABLE DATA; Schema: public; Owner: postgres
--

COPY public.django_celery_beat_intervalschedule (id, every, period) FROM stdin;
1	60	seconds
\.


--
-- Data for Name: django_celery_beat_periodictask; Type: TABLE DATA; Schema: public; Owner: postgres
--

COPY public.django_celery_beat_periodictask (id, name, task, args, kwargs, queue, exchange, routing_key, expires, enabled, last_run_at, total_run_count, date_changed, description, crontab_id, interval_id, solar_id, one_off, start_time, priority, headers, clocked_id, expire_seconds) FROM stdin;
1	celery.backend_cleanup	celery.backend_cleanup	[]	{}	\N	\N	\N	\N	t	2026-06-18 00:00:00.035643+00	1	2026-06-18 00:02:34.060804+00		1	\N	\N	f	\N	\N	{}	\N	43200
2	process-recurring-campaigns	apps.campaigns.tasks.process_recurring_campaigns	[]	{}	\N	\N	\N	\N	t	2026-06-18 20:15:01.883825+00	1227	2026-06-18 20:15:37.225084+00		\N	1	\N	f	\N	\N	{}	\N	\N
\.


--
-- Data for Name: django_celery_beat_periodictasks; Type: TABLE DATA; Schema: public; Owner: postgres
--

COPY public.django_celery_beat_periodictasks (ident, last_update) FROM stdin;
1	2026-06-17 23:47:18.610206+00
\.


--
-- Data for Name: django_celery_beat_solarschedule; Type: TABLE DATA; Schema: public; Owner: postgres
--

COPY public.django_celery_beat_solarschedule (id, event, latitude, longitude) FROM stdin;
\.


--
-- Data for Name: django_celery_results_chordcounter; Type: TABLE DATA; Schema: public; Owner: postgres
--

COPY public.django_celery_results_chordcounter (id, group_id, sub_tasks, count) FROM stdin;
\.


--
-- Data for Name: django_celery_results_groupresult; Type: TABLE DATA; Schema: public; Owner: postgres
--

COPY public.django_celery_results_groupresult (id, group_id, date_created, date_done, content_type, content_encoding, result) FROM stdin;
\.


--
-- Data for Name: django_celery_results_taskresult; Type: TABLE DATA; Schema: public; Owner: postgres
--

COPY public.django_celery_results_taskresult (id, task_id, status, content_type, content_encoding, result, date_done, traceback, meta, task_args, task_kwargs, task_name, worker, date_created, periodic_task_name) FROM stdin;
\.


--
-- Data for Name: django_content_type; Type: TABLE DATA; Schema: public; Owner: postgres
--

COPY public.django_content_type (id, app_label, model) FROM stdin;
1	admin	logentry
2	auth	permission
3	auth	group
4	auth	user
5	contenttypes	contenttype
6	sessions	session
7	django_celery_beat	crontabschedule
8	django_celery_beat	intervalschedule
9	django_celery_beat	periodictask
10	django_celery_beat	periodictasks
11	django_celery_beat	solarschedule
12	django_celery_beat	clockedschedule
13	django_celery_results	taskresult
14	django_celery_results	chordcounter
15	django_celery_results	groupresult
16	campaigns	campaign
17	campaigns	emaillog
18	recipients	mailinglist
19	recipients	recipient
20	recipients	unsubscribelist
21	recipients	uploadbatch
22	templates_mgr	emailtemplate
23	accounts	auditlog
24	accounts	useremailjsconfig
25	accounts	userprofile
26	templates_mgr	bankpaymentpage
27	campaigns	campaignmessagestep
28	payments	expense
29	payments	stripepayout
30	payments	stripewebhookevent
31	payments	invoice
32	payments	payment
33	payments	companysettings
34	payments	salesinvoiceitem
35	payments	salesinvoice
36	accounting	customer
37	platform_core	modulecatalog
38	platform_core	tenantmembership
39	platform_core	platformauditlog
40	platform_core	tenant
41	platform_core	tenantrole
42	crm	crmcompany
43	crm	crmcontact
44	crm	crmdeal
45	crm	crmtask
46	crm	crmactivity
47	crm	crmquoteitem
48	crm	crmquote
\.


--
-- Data for Name: django_migrations; Type: TABLE DATA; Schema: public; Owner: postgres
--

COPY public.django_migrations (id, app, name, applied) FROM stdin;
1	contenttypes	0001_initial	2026-06-17 22:52:20.532858+00
2	auth	0001_initial	2026-06-17 22:52:20.982395+00
3	admin	0001_initial	2026-06-17 22:52:21.14535+00
4	admin	0002_logentry_remove_auto_add	2026-06-17 22:52:21.203333+00
5	admin	0003_logentry_add_action_flag_choices	2026-06-17 22:52:21.261016+00
6	contenttypes	0002_remove_content_type_name	2026-06-17 22:52:21.451315+00
7	auth	0002_alter_permission_name_max_length	2026-06-17 22:52:21.51222+00
8	auth	0003_alter_user_email_max_length	2026-06-17 22:52:21.576665+00
9	auth	0004_alter_user_username_opts	2026-06-17 22:52:21.648344+00
10	auth	0005_alter_user_last_login_null	2026-06-17 22:52:21.711305+00
11	auth	0006_require_contenttypes_0002	2026-06-17 22:52:21.729317+00
12	auth	0007_alter_validators_add_error_messages	2026-06-17 22:52:21.785088+00
13	auth	0008_alter_user_username_max_length	2026-06-17 22:52:21.870363+00
14	auth	0009_alter_user_last_name_max_length	2026-06-17 22:52:21.943232+00
15	auth	0010_alter_group_name_max_length	2026-06-17 22:52:22.038358+00
16	auth	0011_update_proxy_permissions	2026-06-17 22:52:22.142385+00
17	auth	0012_alter_user_first_name_max_length	2026-06-17 22:52:22.195115+00
18	django_celery_beat	0001_initial	2026-06-17 22:52:22.412364+00
19	django_celery_beat	0002_auto_20161118_0346	2026-06-17 22:52:22.516961+00
20	django_celery_beat	0003_auto_20161209_0049	2026-06-17 22:52:22.588674+00
21	django_celery_beat	0004_auto_20170221_0000	2026-06-17 22:52:22.655436+00
22	django_celery_beat	0005_add_solarschedule_events_choices	2026-06-17 22:52:22.708508+00
23	django_celery_beat	0006_auto_20180322_0932	2026-06-17 22:52:22.869825+00
24	django_celery_beat	0007_auto_20180521_0826	2026-06-17 22:52:22.966313+00
25	django_celery_beat	0008_auto_20180914_1922	2026-06-17 22:52:23.126049+00
26	django_celery_beat	0006_auto_20180210_1226	2026-06-17 22:52:23.258758+00
27	django_celery_beat	0006_periodictask_priority	2026-06-17 22:52:23.304414+00
28	django_celery_beat	0009_periodictask_headers	2026-06-17 22:52:23.367389+00
29	django_celery_beat	0010_auto_20190429_0326	2026-06-17 22:52:24.422816+00
30	django_celery_beat	0011_auto_20190508_0153	2026-06-17 22:52:24.51634+00
31	django_celery_beat	0012_periodictask_expire_seconds	2026-06-17 22:52:24.563383+00
32	django_celery_beat	0013_auto_20200609_0727	2026-06-17 22:52:24.608304+00
33	django_celery_beat	0014_remove_clockedschedule_enabled	2026-06-17 22:52:24.6396+00
34	django_celery_beat	0015_edit_solarschedule_events_choices	2026-06-17 22:52:24.668479+00
35	django_celery_beat	0016_alter_crontabschedule_timezone	2026-06-17 22:52:24.725615+00
36	django_celery_beat	0017_alter_crontabschedule_month_of_year	2026-06-17 22:52:24.76551+00
37	django_celery_beat	0018_improve_crontab_helptext	2026-06-17 22:52:24.804507+00
38	django_celery_results	0001_initial	2026-06-17 22:52:24.880313+00
39	django_celery_results	0002_add_task_name_args_kwargs	2026-06-17 22:52:24.918294+00
40	django_celery_results	0003_auto_20181106_1101	2026-06-17 22:52:24.942203+00
41	django_celery_results	0004_auto_20190516_0412	2026-06-17 22:52:25.089815+00
42	django_celery_results	0005_taskresult_worker	2026-06-17 22:52:25.135353+00
43	django_celery_results	0006_taskresult_date_created	2026-06-17 22:52:25.283312+00
44	django_celery_results	0007_remove_taskresult_hidden	2026-06-17 22:52:25.309178+00
45	django_celery_results	0008_chordcounter	2026-06-17 22:52:25.38248+00
46	django_celery_results	0009_groupresult	2026-06-17 22:52:25.827311+00
47	django_celery_results	0010_remove_duplicate_indices	2026-06-17 22:52:25.861286+00
48	django_celery_results	0011_taskresult_periodic_task_name	2026-06-17 22:52:25.881362+00
49	sessions	0001_initial	2026-06-17 22:52:25.996347+00
50	templates_mgr	0001_initial	2026-06-17 23:19:21.50355+00
51	recipients	0001_initial	2026-06-17 23:19:21.896191+00
52	campaigns	0001_initial	2026-06-17 23:19:22.136568+00
53	campaigns	0002_emaillog_click_count_emaillog_clicked_at_and_more	2026-06-17 23:33:10.278439+00
54	campaigns	0003_campaign_is_recurring_active_campaign_next_run_and_more	2026-06-17 23:45:51.625193+00
55	campaigns	0004_campaign_ab_split_percent_campaign_ab_test_enabled_and_more	2026-06-17 23:49:12.432439+00
56	accounts	0001_initial	2026-06-18 00:14:42.271709+00
57	recipients	0002_mailinglist_owner	2026-06-18 12:38:23.936384+00
58	campaigns	0005_campaign_owner	2026-06-18 12:39:54.938063+00
59	templates_mgr	0002_emailtemplate_owner	2026-06-18 12:39:54.981219+00
60	accounts	0002_useremailjsconfig	2026-06-18 17:20:18.814643+00
61	accounts	0003_userprofile	2026-06-18 19:46:24.976288+00
62	templates_mgr	0003_bankpaymentpage	2026-06-19 14:41:19.932848+00
63	templates_mgr	0004_emailtemplate_blocks_json	2026-06-19 15:36:38.29364+00
64	campaigns	0006_emaillog_body_html_snapshot_and_more	2026-06-19 18:10:03.771302+00
65	payments	0001_initial	2026-06-19 21:04:43.841392+00
66	payments	0002_companysettings	2026-06-19 22:20:58.972778+00
67	payments	0003_companysettings_signature	2026-06-19 23:10:04.630677+00
68	payments	0004_salesinvoice_salesinvoiceitem	2026-06-20 00:33:23.879201+00
69	accounting	0001_initial	2026-06-20 01:20:21.48124+00
70	payments	0005_expense_attachment	2026-06-20 02:29:39.533639+00
71	platform_core	0001_initial	2026-06-21 11:59:21.943344+00
72	platform_core	0002_tenantrole_tenantmembership_role	2026-06-21 12:10:41.415587+00
73	crm	0001_initial	2026-06-21 13:04:25.201183+00
74	crm	0002_crmquote_crmquoteitem	2026-06-21 13:42:03.968582+00
75	payments	0006_finance_tenant_isolation	2026-06-21 18:54:49.515725+00
\.


--
-- Data for Name: django_session; Type: TABLE DATA; Schema: public; Owner: postgres
--

COPY public.django_session (session_key, session_data, expire_date) FROM stdin;
tqrdssyd9ngo6p9tuhashkcw9xew1jzh	.eJxVjEEOwiAQRe_C2hCgMxVduvcMZJgBqRpISrsy3l2bdKHb_977LxVoXUpYe5rDJOqsrDr8bpH4keoG5E711jS3usxT1Juid9r1tUl6Xnb376BQL9_aG0CMNlkHPLiRDVj0R2TBUZLDgYRtjhFAhCiZHDNwhuxEMnovJ_X-ANspOLc:1wa5kc:mgzq6BlJSq_r-XwqCC0S1qdV4BXI6oD7C2hmeRLNYds	2026-06-19 05:57:18.063254+00
4dgl7fmlkpfts0lenrmaknvz8a7w8zkf	.eJxVjEEOwiAQRe_C2hCgMxVduvcMZJgBqRpISrsy3l2bdKHb_977LxVoXUpYe5rDJOqsrDr8bpH4keoG5E711jS3usxT1Juid9r1tUl6Xnb376BQL9_aG0CMNlkHPLiRDVj0R2TBUZLDgYRtjhFAhCiZHDNwhuxEMnovJ_X-ANspOLc:1wa75R:SBteM03xq_moY3geTc5ACEuuWsUdz4AWWIplRXqssNA	2026-06-19 07:22:53.432609+00
wrl0tbbhkhw07sycgcmw02352psuryd9	.eJxVjDsOwjAQBe_iGlnrxbG9lPQ5g7X-4QBypDipEHeHSCmgfTPzXsLztla_9bz4KYmL0OL0uwWOj9x2kO7cbrOMc1uXKchdkQftcpxTfl4P9--gcq_fGqJBi0Zpq9k5HR0ZtobAABVFFEsBQpvYRBiIzqg0DCGDwxBYO0bx_gCoeTaS:1waIUT:KOq5zwDjZpCWbkG9tmwNyEFXLDyVnwBvKhC5WbaNT1Q	2026-06-19 19:33:29.022527+00
coyg8tq8tei7110uf6lj2a8jbsosdvli	.eJztV0tv2zAM_iuCgAEbkKV62pZv23297bQWgWzZS7bUKfLYDln--xxRnWk7RprGlw69ECJFfSTFT4S9pzO7285nu02xni0cTSmnE2zLbP6zqI4b7oetvq-m-ararhfZ9OgyDbub6ZeVK5afg28LYG438_p0wpTWGS-4ULkUUc4U10msc6cjVwgtrct5mWVKOWdtwcqsVHmpSuFcqZPEmRp097hcWVdntM3nM07TPc1Xy91DtaHpN3q3Y5GwXrqjVMpLC2viN8qjlNyvcy9jOOa3lW42YK0Sf8DAaQkKco0xeNxEFRatY4Tn7ZLVtXytKvtQuJRwrAisSKworGisRFiJsZJgxdD7CX1cF78Wxe_6vvav68JSn66KvIyRGxRgeojKJy31UMAMWQDVEnLDGSPkD-m5QxFPmfXR8D15u5SAWbeUCf2xFtE_4HAX6Ax4hypgO4CVUEs_ouy6hsZJfCttnqW39rbFtY5Bdg2qa9BdQ9Q1xF1D0jUYbzhMXicBBWpunweBLEOchExCNUmLvqdI93K0958-vLV-7Nbr3iCwyO3EE7UNY7Cr541gXBKUtUCjgw80XNjBhjdIJw6Y3g3rN3aMzI4wqKErUf8p62ZuBERwNXdVZKahgRznQ_qwF3etRdyLkorZE0mTOj16de8pKhCCiIvyMWzoitqg9P9lGB794MDJDWnCQMKivPJr9OpW9ZJtZdf-2h09GHzLBV8YiIa8o2M9i-fXpsYMc74qff0cen5t0fjBzlcYn3gH5x4hdpVobTtjogcMU-HUW5KocPhvMO2_rIvBwjelDmCH-8PhLyGyWrc:1waJNs:Qrcpj-HcJkxlzAvHEevX7ZpwmZORIeWFyiaa6Y8dVuw	2026-06-19 20:30:44.618567+00
46dzoazj0emy9e8ium815kqfcfqhojvl	.eJxVjEEOwiAQRe_C2hCgMxVduvcMZJgBqRpISrsy3l2bdKHb_977LxVoXUpYe5rDJOqsrDr8bpH4keoG5E711jS3usxT1Juid9r1tUl6Xnb376BQL9_aG0CMNlkHPLiRDVj0R2TBUZLDgYRtjhFAhCiZHDNwhuxEMnovJ_X-ANspOLc:1waTfy:L7v0VkaWYTPaEshmVeeztvaT_gsNWG1a8w8ysQz52GU	2026-06-20 07:30:06.343764+00
357g4lyaxf9561dedz4cnd0ql00f94gg	.eJxVjEEOwiAQRe_C2hCgMxVduvcMZJgBqRpISrsy3l2bdKHb_977LxVoXUpYe5rDJOqsrDr8bpH4keoG5E711jS3usxT1Juid9r1tUl6Xnb376BQL9_aG0CMNlkHPLiRDVj0R2TBUZLDgYRtjhFAhCiZHDNwhuxEMnovJ_X-ANspOLc:1waezj:zCf0ON6PTTJtHeSE3JJ6tyYWz6hhvnbDXjIRkgp6cHk	2026-06-20 19:35:15.58271+00
jrk8sug4fq5o0dstlj5wqlgumvhrvvfj	.eJxVjEEOwiAQRe_C2hCgMxVduvcMZJgBqRpISrsy3l2bdKHb_977LxVoXUpYe5rDJOqsrDr8bpH4keoG5E711jS3usxT1Juid9r1tUl6Xnb376BQL9_aG0CMNlkHPLiRDVj0R2TBUZLDgYRtjhFAhCiZHDNwhuxEMnovJ_X-ANspOLc:1wag2o:56_YpKH4FXPsK13hjGpk6MArlv6MBrXr8NnotpIwXAw	2026-06-20 20:42:30.184395+00
nydrsynokg5rir5kajf6djfwlnu7rnhw	.eJxVjEEOwiAQRe_C2hCgMxVduvcMZJgBqRpISrsy3l2bdKHb_977LxVoXUpYe5rDJOqsrDr8bpH4keoG5E711jS3usxT1Juid9r1tUl6Xnb376BQL9_aG0CMNlkHPLiRDVj0R2TBUZLDgYRtjhFAhCiZHDNwhuxEMnovJ_X-ANspOLc:1wag2o:56_YpKH4FXPsK13hjGpk6MArlv6MBrXr8NnotpIwXAw	2026-06-20 20:42:30.888356+00
g8nz60dz1dxiqz1pbtndutq0qkpz948n	.eJxVjEEOwiAQRe_C2hCgMxVduvcMZJgBqRpISrsy3l2bdKHb_977LxVoXUpYe5rDJOqsrDr8bpH4keoG5E711jS3usxT1Juid9r1tUl6Xnb376BQL9_aG0CMNlkHPLiRDVj0R2TBUZLDgYRtjhFAhCiZHDNwhuxEMnovJ_X-ANspOLc:1wb3RM:IoL_LWOUk0JKwhthzxK-bIlsNqIvMcKIbKqnSbgpatk	2026-06-21 21:41:24.701642+00
w24w5epdzagrbrhe1t35kbom21lf158p	.eJxVjEEOwiAQRe_C2hCgMxVduvcMZJgBqRpISrsy3l2bdKHb_977LxVoXUpYe5rDJOqsrDr8bpH4keoG5E711jS3usxT1Juid9r1tUl6Xnb376BQL9_aG0CMNlkHPLiRDVj0R2TBUZLDgYRtjhFAhCiZHDNwhuxEMnovJ_X-ANspOLc:1wbGZf:MKdUXon4tkL2iq7CND8lhnx2e-aNEexkNXAifl8nGrQ	2026-06-22 11:42:51.567311+00
dzjqzd38uiypp4225xs1daz15roq78vb	.eJxVjEEOwiAQRe_C2hCgMxVduvcMZJgBqRpISrsy3l2bdKHb_977LxVoXUpYe5rDJOqsrDr8bpH4keoG5E711jS3usxT1Juid9r1tUl6Xnb376BQL9_aG0CMNlkHPLiRDVj0R2TBUZLDgYRtjhFAhCiZHDNwhuxEMnovJ_X-ANspOLc:1wbLTx:K3R98ZKxNwZZBp0aNo0pkRhIin-IYk3XNe_o59hq_Yw	2026-06-22 16:57:17.150596+00
tp8w8pw537sm24k1rmzy7ibunv26nia3	.eJxVjEEOwiAQRe_C2hCgMxVduvcMZJgBqRpISrsy3l2bdKHb_977LxVoXUpYe5rDJOqsrDr8bpH4keoG5E711jS3usxT1Juid9r1tUl6Xnb376BQL9_aG0CMNlkHPLiRDVj0R2TBUZLDgYRtjhFAhCiZHDNwhuxEMnovJ_X-ANspOLc:1wbPyc:SCegjs0VPJgZeHy2IEjVfGoUlEoFgXfadkCSeQU-uxw	2026-06-22 21:45:14.961727+00
dicabh4vqah0tlhw5t7ygzkh71jug9lb	.eJxVjEEOwiAQRe_C2hCgMxVduvcMZJgBqRpISrsy3l2bdKHb_977LxVoXUpYe5rDJOqsrDr8bpH4keoG5E711jS3usxT1Juid9r1tUl6Xnb376BQL9_aG0CMNlkHPLiRDVj0R2TBUZLDgYRtjhFAhCiZHDNwhuxEMnovJ_X-ANspOLc:1wbLar:1wTxug0WMqRPqKXzzD0jYtpGGjW24AWWZjA4h9By1Yo	2026-06-22 17:04:25.197053+00
o7o2m92jyhl3m9uto2b654ai9i07dblb	.eJxVjEEOwiAQRe_C2hCgMxVduvcMZJgBqRpISrsy3l2bdKHb_977LxVoXUpYe5rDJOqsrDr8bpH4keoG5E711jS3usxT1Juid9r1tUl6Xnb376BQL9_aG0CMNlkHPLiRDVj0R2TBUZLDgYRtjhFAhCiZHDNwhuxEMnovJ_X-ANspOLc:1wbLkP:y7Fa6hW8gFgAQ25vmrniFx-_rZo_cVUTqyomXtGLX4g	2026-06-22 17:14:17.475691+00
nl9lirbuk9hb9xftupek6mkpkcvvxp9x	.eJxVjEEOwiAQRe_C2hCgMxVduvcMZJgBqRpISrsy3l2bdKHb_977LxVoXUpYe5rDJOqsrDr8bpH4keoG5E711jS3usxT1Juid9r1tUl6Xnb376BQL9_aG0CMNlkHPLiRDVj0R2TBUZLDgYRtjhFAhCiZHDNwhuxEMnovJ_X-ANspOLc:1wbLyE:LHnfQB5kQY0SVwFT1leM_bhN_9uSGdgJ8t_Fsmu6jps	2026-06-22 17:28:34.841013+00
yfj9r3if6s91xythhaz3b21j8mxdlbs3	.eJxVjDsOwjAQRO_iGln-xR9K-pzBWnvXOIAcKU4qxN1JpBRQjTTvzbxZhG2tceu0xAnZlQ3s8tslyE9qB8AHtPvM89zWZUr8UPhJOx9npNftdP8OKvS6r0mYDFKhdiIJ6RGcCsITqozGagrFuj2DtwAlD8kIlJqMy8J7UoU0-3wB3v430w:1wbLyF:dL7KNqt0OGJ4WXNVn_xhdkQ-l-dHdGX4e2fB2UIHD-w	2026-06-22 17:28:35.278698+00
pwq1ep64ok34ntvo248wnqnkshc96pfg	.eJxVjDEOwjAMRe-SGUWJHdzCyM4ZKid2SQElUtNOiLtDpQ6w_vfef5mB1yUPa9N5mMSczdEcfrfI6aFlA3Lncqs21bLMU7SbYnfa7LWKPi-7-3eQueVvTXQiUAesIyoTEPYYAiGjRuw68t6NCRLg6Nn1wkB9oNSpCiTPgub9AcmpN5M:1wbN5V:cE_K-3L13nD07lQqU_V76Lj-Oxy9KgjtFej1uLPR0Wg	2026-06-22 18:40:09.050636+00
es2jglckoewp59nng9v60vvqhpd9guwq	.eJxVjMsOwiAQAP-FsyFYWB4evfsNZNkFqRqalPZk_HdD0oNeZybzFhH3rca95zXOLC4CxOmXJaRnbkPwA9t9kbS0bZ2THIk8bJe3hfPrerR_g4q9ji2nCZldMtbqgIAwcSk6O7AmUSA4UwnBa0AyCMr4oBV5xc6X4pVO4vMF-mQ4Fw:1wbN6F:nNBc82wunsQSaidoUy4L0oE_7cotnCtLpja0l9_78E8	2026-06-22 18:40:55.02605+00
ox3k9cjm5xbzjvxhx73xy5xzxsr89mx7	.eJxVjMsOwiAQAP-FsyFYWB4evfsNZNkFqRqalPZk_HdD0oNeZybzFhH3rca95zXOLC4CxOmXJaRnbkPwA9t9kbS0bZ2THIk8bJe3hfPrerR_g4q9ji2nCZldMtbqgIAwcSk6O7AmUSA4UwnBa0AyCMr4oBV5xc6X4pVO4vMF-mQ4Fw:1wbN7S:o3SIMMgVEAmN-yrYdkylthbevZp36dBxPbUFrDrb1mM	2026-06-22 18:42:10.484357+00
g8z2laeelbu2kkcvl55nlhft2pd57gle	.eJxVjEEOwiAQRe_C2hCgMxVduvcMZJgBqRpISrsy3l2bdKHb_977LxVoXUpYe5rDJOqsrDr8bpH4keoG5E711jS3usxT1Juid9r1tUl6Xnb376BQL9_aG0CMNlkHPLiRDVj0R2TBUZLDgYRtjhFAhCiZHDNwhuxEMnovJ_X-ANspOLc:1wbNC4:dZk_nv06oZ73NM8QSSV0cvyE_oBd2t4zEsPi2WGqHZ4	2026-06-22 18:46:56.623491+00
w3xqzw4juct3v693rfkpygtucxpwfdm9	.eJxVjEEOwiAQRe_C2hCgMxVduvcMZJgBqRpISrsy3l2bdKHb_977LxVoXUpYe5rDJOqsrDr8bpH4keoG5E711jS3usxT1Juid9r1tUl6Xnb376BQL9_aG0CMNlkHPLiRDVj0R2TBUZLDgYRtjhFAhCiZHDNwhuxEMnovJ_X-ANspOLc:1wbNDx:t9KIjptzPG57UqzGaIV3t7BMe5Axg7Hk1TrhCm59S88	2026-06-22 18:48:53.977368+00
m9caoxqcy53vv70ymp80xt9levd25bvv	.eJxVjEEOwiAQRe_C2hCgMxVduvcMZJgBqRpISrsy3l2bdKHb_977LxVoXUpYe5rDJOqsrDr8bpH4keoG5E711jS3usxT1Juid9r1tUl6Xnb376BQL9_aG0CMNlkHPLiRDVj0R2TBUZLDgYRtjhFAhCiZHDNwhuxEMnovJ_X-ANspOLc:1wbNHF:cxhHrJN9jlesvHYuPMq43gC6AE0oxI0Lq9o-KxuKD18	2026-06-22 18:52:17.120523+00
3z2sjb34uvskvoz9tgwzk5q5c5wsfr7y	.eJxVjMEOwiAQRP-FsyGULrj16N1vIMuySNXQpLQn47_bJj3obTLvzbxVoHUpYW0yhzGpi_Lq9NtF4qfUHaQH1fukearLPEa9K_qgTd-mJK_r4f4dFGplW0sCT_nMXe7Fd-LAgCBD9IScAHhwjuKAyMJWbESLaCGZ7LaApmf1-QIBAjgZ:1wbO1i:YNiYGa8GM70WuFQNDlQpqyYsc_EGSFBOFAz4CEa2tvs	2026-06-22 19:40:18.804575+00
1q86fllt74cze1qmuh93xc325ujaf4qh	.eJxVjEEOwiAQRe_C2hCgMxVduvcMZJgBqRpISrsy3l2bdKHb_977LxVoXUpYe5rDJOqsrDr8bpH4keoG5E711jS3usxT1Juid9r1tUl6Xnb376BQL9_aG0CMNlkHPLiRDVj0R2TBUZLDgYRtjhFAhCiZHDNwhuxEMnovJ_X-ANspOLc:1wbNJo:l941bElXKgj0sSJDk4T4MaKHADUaH3e09LqaC5qR_vU	2026-06-22 18:54:56.594751+00
eqb001mydwsr9skb0xkqxks9so4ic960	.eJxVjEEOwiAQRe_C2hCgMxVduvcMZJgBqRpISrsy3l2bdKHb_977LxVoXUpYe5rDJOqsrDr8bpH4keoG5E711jS3usxT1Juid9r1tUl6Xnb376BQL9_aG0CMNlkHPLiRDVj0R2TBUZLDgYRtjhFAhCiZHDNwhuxEMnovJ_X-ANspOLc:1wbNL8:9alc_gdNLjbEh-4gHWqyjTC1ttCmacHm68Ezd9EIHL8	2026-06-22 18:56:18.811276+00
q58cg5zs1qpgpb2mbwgq3mdao04a37se	.eJxVjEEOwiAQRe_C2pBSGBhcuu8ZyMBQqRqalHZlvLtt0oVu_3vvv0WgbS1ha3kJE4urQHH53SKlZ64H4AfV-yzTXNdlivJQ5EmbHGbOr9vp_h0UamWvU7QdgHXYx4QKDCvTae4RVAJMVrnRO6dpRG29JkTImRnR77K32rD4fAG9Mzbj:1wbPKZ:BV8WfRuEeYYplbLMM4j9u5p4AehkwJV2c9aE0cZVtH0	2026-06-22 21:03:51.060658+00
\.


--
-- Data for Name: payments_companysettings; Type: TABLE DATA; Schema: public; Owner: postgres
--

COPY public.payments_companysettings (id, name_ar, name_en, email, phone, website, address, trn, license_no, logo, stamp, invoice_footer, updated_at, signature) FROM stdin;
1	شركة التميز الابتكاري لتصميم نظم الحاسب الآلي التعليمية والتدريبية	ALTMYZ ALABTKARY FOR EDUCATION & TRAINING COMPUTER SOFTWARE CO	info@inexc.com	+971-543475500	www.inexc.com		104863757100001	1393230	company/logo.png	company/ختم_الشركة.jpg	شكراً لتعاملكم معنا	2026-06-20 22:04:29.755478+00	company/توقيعي.png
\.


--
-- Data for Name: payments_expense; Type: TABLE DATA; Schema: public; Owner: postgres
--

COPY public.payments_expense (id, category, title, amount, currency, spent_at, recurrence, notes, created_at, attachment, tenant_id) FROM stdin;
1	trainer	مدرب	100.00	aed	2026-06-18	none		2026-06-19 21:09:52.671891+00	\N	\N
2	design	تصميم كتب منهج الذكاء الاصطناعي	1000.00	aed	2026-06-20	monthly		2026-06-20 00:14:52.586856+00	\N	\N
3	trainer	تجربة	100.00	aed	2026-02-20	none		2026-06-20 00:22:50.577843+00	\N	\N
4	trainer	تجربة	200.00	aed	2026-06-20	none		2026-06-20 02:34:51.903806+00	expenses/73.png	\N
5	trainer	542	300.00	aed	2026-06-20	none		2026-06-20 02:38:22.266088+00	expenses/54545.png	\N
\.


--
-- Data for Name: payments_invoice; Type: TABLE DATA; Schema: public; Owner: postgres
--

COPY public.payments_invoice (id, invoice_number, token, company_name, email_sent_at, opened_at, open_count, last_open_ip, last_open_user_agent, created_at, payment_id, tenant_id) FROM stdin;
2	TMZ-2026-000002	baa00747-e3ba-4ee8-ad2c-0a1e1dd0368d	شركة التميز الابتكاري	2026-06-20 04:22:18.209352+00	\N	0			2026-06-20 03:27:41.141327+00	25	\N
3	TMZ-2026-000003	67dcc9f7-381c-48a3-8fbd-59233ffe3e90	شركة التميز الابتكاري	2026-06-20 04:22:19.51713+00	\N	0			2026-06-20 03:27:43.717283+00	18	\N
4	TMZ-2026-000004	60383b32-1774-485b-b9dd-55a3d5a49ce4	شركة التميز الابتكاري	2026-06-20 04:22:20.349357+00	\N	0			2026-06-20 03:27:47.690525+00	6	\N
5	TMZ-2026-000005	db1120e7-8975-44de-8e73-47d55a1fd128	شركة التميز الابتكاري	2026-06-20 04:38:13.392256+00	\N	0			2026-06-20 04:38:12.132449+00	27	\N
6	TMZ-2026-000006	037dc783-fdad-499d-a222-86571974cb64	شركة التميز الابتكاري	2026-06-20 20:43:32.876622+00	2026-06-21 03:00:27.83477+00	3	104.28.106.228	Mozilla/5.0	2026-06-20 20:43:31.456798+00	29	\N
7	TMZ-2026-000007	40ee4f00-261c-4740-887c-5941d7d0a073	شركة التميز الابتكاري	2026-06-21 10:25:12.915048+00	2026-06-21 18:59:18.172449+00	5	66.249.93.100	Mozilla/5.0 (Windows NT 5.1; rv:11.0) Gecko Firefox/11.0 (via ggpht.com GoogleImageProxy)	2026-06-21 10:25:11.57387+00	30	\N
\.


--
-- Data for Name: payments_payment; Type: TABLE DATA; Schema: public; Owner: postgres
--

COPY public.payments_payment (id, source, customer_name, customer_email, description, amount, currency, stripe_fee, net_amount, status, stripe_checkout_session_id, stripe_payment_intent_id, stripe_charge_id, stripe_balance_transaction_id, raw_data, created_at, paid_at, updated_at, tenant_id) FROM stdin;
1	email_payment	عميل تجريبي	test@example.com	خدمة تصميم نظام إلكتروني	1500.00	aed	0.00	0.00	paid					{}	2026-06-19 22:35:14.516651+00	\N	2026-06-19 22:35:14.516694+00	\N
2	email_quick_checkout			test	7.00	aed	0.00	0.00	pending	cs_live_a1cKFxLcsvi7bhXoZOBSWuXK6dQSmOQSHjEPP9zsKnlAZZ9KxaU9VjN2KY				{}	2026-06-20 03:04:44.492909+00	\N	2026-06-20 03:04:44.492963+00	\N
3	email_quick_checkout			ادفع الآن	7.00	aed	0.00	0.00	pending	cs_live_a1yXUydCXu5gVUKW1RyWZJpNPfGkONQzrMZhDGIIKn33ZKML5wwp4zlvhJ				{}	2026-06-20 03:07:00.585932+00	\N	2026-06-20 03:07:00.585978+00	\N
4	email_quick_checkout			ادفع الآن	7.00	aed	0.00	0.00	pending	cs_live_a1lKUxBgLO0kC7AaqWVCq7QLBlZTMnjBBc3Iyk5MPKnKVAvGcEzi564qjK				{}	2026-06-20 03:07:36.333333+00	\N	2026-06-20 03:07:36.333375+00	\N
5	email_quick_checkout			ادفع الآن	7.00	aed	0.00	0.00	pending	cs_live_a1xxDtRSTrIfzLIOSopIsqvZQJbjlvYAnW7mmx7kvZe7vXiiZCc0FOsmVQ				{}	2026-06-20 03:08:13.218405+00	\N	2026-06-20 03:08:13.218451+00	\N
7	stripe_checkout_import			Stripe Checkout	7.00	aed	0.00	0.00	pending	cs_live_a1UQqTcN0o50jH5M6FWq8utzOV79XzUjFO88TSAtWIImPK4UoorKM2P4QV				{"id": "cs_live_a1UQqTcN0o50jH5M6FWq8utzOV79XzUjFO88TSAtWIImPK4UoorKM2P4QV", "url": "https://checkout.stripe.com/g/pay/cs_live_a1UQqTcN0o50jH5M6FWq8utzOV79XzUjFO88TSAtWIImPK4UoorKM2P4QV#fidnandhYHdWcXxpYCc%2FJ2FgY2RwaXEnKSdicGRmZGhqaWBTZHdsZGtxJz8ncXdgZHFoYGtxWjcnKSdkdWxOYHwnPyd1blppbHNgWjA0VGdoTW1XdFNXdlFMdEpcMkJgXDQ9SktpNHF0NVVrSW49N09BZHZXSjwwUFJzak5PYnIyUlc0djBPZjZgaVVyclxQYz1GcF9sSF9mSHFqfzN2PHViN3BSNTVWNjJgZ2NnVScpJ2N3amhWYHdzYHcnP3F3cGApJ2dkZm5id2pwa2FGamlqdyc%2FJyZjY2NjY2MnKSdpZHxqcHFRfHVgJz8ndmxrYmlgWmxxYGgnKSdga2RnaWBVaWRmYG1qaWFgd3YnP3F3cGB4JSUl", "mode": "payment", "locale": null, "object": "checkout.session", "status": "open", "consent": null, "created": 1781901898, "invoice": null, "ui_mode": "hosted_page", "currency": "aed", "customer": null, "livemode": true, "metadata": {}, "discounts": [], "cancel_url": "http://165.232.167.39:8000/templates/pay/cancel/", "expires_at": 1781988298, "custom_text": {"submit": null, "after_submit": null, "shipping_address": null, "terms_of_service_acceptance": null}, "permissions": null, "submit_type": null, "success_url": "http://165.232.167.39:8000/templates/pay/success/", "amount_total": 700, "payment_link": null, "setup_intent": null, "subscription": null, "automatic_tax": {"status": null, "enabled": false, "provider": null, "liability": null}, "client_secret": null, "custom_fields": [], "shipping_cost": null, "total_details": {"amount_tax": 0, "amount_discount": 0, "amount_shipping": 0}, "customer_email": null, "origin_context": null, "payment_intent": null, "payment_status": "unpaid", "recovered_from": null, "wallet_options": null, "amount_subtotal": 700, "adaptive_pricing": {"enabled": true}, "after_expiration": null, "customer_account": null, "customer_details": null, "invoice_creation": {"enabled": false, "invoice_data": {"footer": null, "issuer": null, "metadata": {}, "description": null, "custom_fields": null, "account_tax_ids": null, "rendering_options": null}}, "managed_payments": {"enabled": false}, "shipping_options": [], "branding_settings": {"icon": null, "logo": null, "font_family": "default", "border_style": "rounded", "button_color": "#0074d4", "display_name": "ALTMYZ ALABTKARY FOR EDUCATION & TRAINING COMPUTER SOFTWARE CO.", "background_color": "#ffffff"}, "customer_creation": "if_required", "consent_collection": null, "client_reference_id": null, "currency_conversion": null, "payment_method_types": ["card", "link"], "allow_promotion_codes": null, "collected_information": null, "integration_identifier": null, "payment_method_options": {"card": {"request_three_d_secure": "automatic"}}, "phone_number_collection": {"enabled": false}, "payment_method_collection": "if_required", "billing_address_collection": null, "shipping_address_collection": null, "saved_payment_method_options": null, "payment_method_configuration_details": {"id": "pmc_1QbmIERqVRsTIqOYxSbgcnp5", "parent": null}}	2026-06-20 03:27:40.264505+00	\N	2026-06-20 03:27:40.264545+00	\N
8	stripe_checkout_import			Stripe Checkout	4.00	aed	0.00	0.00	pending	cs_live_a1h9JdE3LadT1K9VLYPtrVXT7Zu2rm7I2SUEKAQJL0FMYNcxQIU2fFQ9B7				{"id": "cs_live_a1h9JdE3LadT1K9VLYPtrVXT7Zu2rm7I2SUEKAQJL0FMYNcxQIU2fFQ9B7", "url": "https://checkout.stripe.com/c/pay/cs_live_a1h9JdE3LadT1K9VLYPtrVXT7Zu2rm7I2SUEKAQJL0FMYNcxQIU2fFQ9B7#fidnandhYHdWcXxpYCc%2FJ2FgY2RwaXEnKSdicGRmZGhqaWBTZHdsZGtxJz8nZmprcXdqaScpJ2R1bE5gfCc%2FJ3VuWmlsc2BaMDRUZ2hNbVd0U1d2UUx0SlwyQmBcND1KS2k0cXQ1VWtJbj03T0FkdldKPDBQUnNqTk9icjJSVzR2ME9mNmBpVXJyXFBjPUZwX2xIX2ZIcWp%2FM3Y8dWI3cFI1NVY2MmBnY2dVJyknY3dqaFZgd3Ngdyc%2FcXdwYCknZ2RmbmJ3anBrYUZqaWp3Jz8nJmNjY2NjYycpJ2lkfGpwcVF8dWAnPyd2bGtiaWBabHFgaCcpJ2BrZGdpYFVpZGZgbWppYWB3dic%2FcXdwYHgl", "mode": "payment", "locale": null, "object": "checkout.session", "status": "open", "consent": null, "created": 1781901696, "invoice": null, "ui_mode": "hosted_page", "currency": "aed", "customer": null, "livemode": true, "metadata": {}, "discounts": [], "cancel_url": "http://165.232.167.39:8000/templates/pay/cancel/", "expires_at": 1781988096, "custom_text": {"submit": null, "after_submit": null, "shipping_address": null, "terms_of_service_acceptance": null}, "permissions": null, "submit_type": null, "success_url": "http://165.232.167.39:8000/templates/pay/success/", "amount_total": 400, "payment_link": null, "setup_intent": null, "subscription": null, "automatic_tax": {"status": null, "enabled": false, "provider": null, "liability": null}, "client_secret": null, "custom_fields": [], "shipping_cost": null, "total_details": {"amount_tax": 0, "amount_discount": 0, "amount_shipping": 0}, "customer_email": null, "origin_context": null, "payment_intent": null, "payment_status": "unpaid", "recovered_from": null, "wallet_options": null, "amount_subtotal": 400, "adaptive_pricing": {"enabled": true}, "after_expiration": null, "customer_account": null, "customer_details": null, "invoice_creation": {"enabled": false, "invoice_data": {"footer": null, "issuer": null, "metadata": {}, "description": null, "custom_fields": null, "account_tax_ids": null, "rendering_options": null}}, "managed_payments": {"enabled": false}, "shipping_options": [], "branding_settings": {"icon": null, "logo": null, "font_family": "default", "border_style": "rounded", "button_color": "#0074d4", "display_name": "ALTMYZ ALABTKARY FOR EDUCATION & TRAINING COMPUTER SOFTWARE CO.", "background_color": "#ffffff"}, "customer_creation": "if_required", "consent_collection": null, "client_reference_id": null, "currency_conversion": null, "payment_method_types": ["card", "link"], "allow_promotion_codes": null, "collected_information": null, "integration_identifier": null, "payment_method_options": {"card": {"request_three_d_secure": "automatic"}}, "phone_number_collection": {"enabled": false}, "payment_method_collection": "if_required", "billing_address_collection": null, "shipping_address_collection": null, "saved_payment_method_options": null, "payment_method_configuration_details": {"id": "pmc_1QbmIERqVRsTIqOYxSbgcnp5", "parent": null}}	2026-06-20 03:27:40.28129+00	\N	2026-06-20 03:27:40.281324+00	\N
9	stripe_checkout_import			Stripe Checkout	4.00	aed	0.00	0.00	pending	cs_live_a12uReHz9G4D3rcFRUBdyRz6TKk30nPCbpDsQNZFwL55QYKE8LTbueMgTW				{"id": "cs_live_a12uReHz9G4D3rcFRUBdyRz6TKk30nPCbpDsQNZFwL55QYKE8LTbueMgTW", "url": "https://checkout.stripe.com/c/pay/cs_live_a12uReHz9G4D3rcFRUBdyRz6TKk30nPCbpDsQNZFwL55QYKE8LTbueMgTW#fidnandhYHdWcXxpYCc%2FJ2FgY2RwaXEnKSdicGRmZGhqaWBTZHdsZGtxJz8nZmprcXdqaScpJ2R1bE5gfCc%2FJ3VuWmlsc2BaMDRUZ2hNbVd0U1d2UUx0SlwyQmBcND1KS2k0cXQ1VWtJbj03T0FkdldKPDBQUnNqTk9icjJSVzR2ME9mNmBpVXJyXFBjPUZwX2xIX2ZIcWp%2FM3Y8dWI3cFI1NVY2MmBnY2dVJyknY3dqaFZgd3Ngdyc%2FcXdwYCknZ2RmbmJ3anBrYUZqaWp3Jz8nJmNjY2NjYycpJ2lkfGpwcVF8dWAnPyd2bGtiaWBabHFgaCcpJ2BrZGdpYFVpZGZgbWppYWB3dic%2FcXdwYHgl", "mode": "payment", "locale": null, "object": "checkout.session", "status": "open", "consent": null, "created": 1781901694, "invoice": null, "ui_mode": "hosted_page", "currency": "aed", "customer": null, "livemode": true, "metadata": {}, "discounts": [], "cancel_url": "http://165.232.167.39:8000/templates/pay/cancel/", "expires_at": 1781988094, "custom_text": {"submit": null, "after_submit": null, "shipping_address": null, "terms_of_service_acceptance": null}, "permissions": null, "submit_type": null, "success_url": "http://165.232.167.39:8000/templates/pay/success/", "amount_total": 400, "payment_link": null, "setup_intent": null, "subscription": null, "automatic_tax": {"status": null, "enabled": false, "provider": null, "liability": null}, "client_secret": null, "custom_fields": [], "shipping_cost": null, "total_details": {"amount_tax": 0, "amount_discount": 0, "amount_shipping": 0}, "customer_email": null, "origin_context": null, "payment_intent": null, "payment_status": "unpaid", "recovered_from": null, "wallet_options": null, "amount_subtotal": 400, "adaptive_pricing": {"enabled": true}, "after_expiration": null, "customer_account": null, "customer_details": null, "invoice_creation": {"enabled": false, "invoice_data": {"footer": null, "issuer": null, "metadata": {}, "description": null, "custom_fields": null, "account_tax_ids": null, "rendering_options": null}}, "managed_payments": {"enabled": false}, "shipping_options": [], "branding_settings": {"icon": null, "logo": null, "font_family": "default", "border_style": "rounded", "button_color": "#0074d4", "display_name": "ALTMYZ ALABTKARY FOR EDUCATION & TRAINING COMPUTER SOFTWARE CO.", "background_color": "#ffffff"}, "customer_creation": "if_required", "consent_collection": null, "client_reference_id": null, "currency_conversion": null, "payment_method_types": ["card", "link"], "allow_promotion_codes": null, "collected_information": null, "integration_identifier": null, "payment_method_options": {"card": {"request_three_d_secure": "automatic"}}, "phone_number_collection": {"enabled": false}, "payment_method_collection": "if_required", "billing_address_collection": null, "shipping_address_collection": null, "saved_payment_method_options": null, "payment_method_configuration_details": {"id": "pmc_1QbmIERqVRsTIqOYxSbgcnp5", "parent": null}}	2026-06-20 03:27:40.288564+00	\N	2026-06-20 03:27:40.288602+00	\N
10	stripe_checkout_import			Stripe Checkout	4.00	aed	0.00	0.00	pending	cs_live_a1fjiRDNOMEOR6yq9bDAyxbDBdGvl7J1cYQgRlsaLFchKXEvbSfUnfohDu				{"id": "cs_live_a1fjiRDNOMEOR6yq9bDAyxbDBdGvl7J1cYQgRlsaLFchKXEvbSfUnfohDu", "url": "https://checkout.stripe.com/g/pay/cs_live_a1fjiRDNOMEOR6yq9bDAyxbDBdGvl7J1cYQgRlsaLFchKXEvbSfUnfohDu#fidnandhYHdWcXxpYCc%2FJ2FgY2RwaXEnKSdicGRmZGhqaWBTZHdsZGtxJz8ncXdgZHFoYGtxWjcnKSdkdWxOYHwnPyd1blppbHNgWjA0VGdoTW1XdFNXdlFMdEpcMkJgXDQ9SktpNHF0NVVrSW49N09BZHZXSjwwUFJzak5PYnIyUlc0djBPZjZgaVVyclxQYz1GcF9sSF9mSHFqfzN2PHViN3BSNTVWNjJgZ2NnVScpJ2N3amhWYHdzYHcnP3F3cGApJ2dkZm5id2pwa2FGamlqdyc%2FJyZjY2NjY2MnKSdpZHxqcHFRfHVgJz8ndmxrYmlgWmxxYGgnKSdga2RnaWBVaWRmYG1qaWFgd3YnP3F3cGB4JSUl", "mode": "payment", "locale": null, "object": "checkout.session", "status": "open", "consent": null, "created": 1781901693, "invoice": null, "ui_mode": "hosted_page", "currency": "aed", "customer": null, "livemode": true, "metadata": {}, "discounts": [], "cancel_url": "http://165.232.167.39:8000/templates/pay/cancel/", "expires_at": 1781988093, "custom_text": {"submit": null, "after_submit": null, "shipping_address": null, "terms_of_service_acceptance": null}, "permissions": null, "submit_type": null, "success_url": "http://165.232.167.39:8000/templates/pay/success/", "amount_total": 400, "payment_link": null, "setup_intent": null, "subscription": null, "automatic_tax": {"status": null, "enabled": false, "provider": null, "liability": null}, "client_secret": null, "custom_fields": [], "shipping_cost": null, "total_details": {"amount_tax": 0, "amount_discount": 0, "amount_shipping": 0}, "customer_email": null, "origin_context": null, "payment_intent": null, "payment_status": "unpaid", "recovered_from": null, "wallet_options": null, "amount_subtotal": 400, "adaptive_pricing": {"enabled": true}, "after_expiration": null, "customer_account": null, "customer_details": null, "invoice_creation": {"enabled": false, "invoice_data": {"footer": null, "issuer": null, "metadata": {}, "description": null, "custom_fields": null, "account_tax_ids": null, "rendering_options": null}}, "managed_payments": {"enabled": false}, "shipping_options": [], "branding_settings": {"icon": null, "logo": null, "font_family": "default", "border_style": "rounded", "button_color": "#0074d4", "display_name": "ALTMYZ ALABTKARY FOR EDUCATION & TRAINING COMPUTER SOFTWARE CO.", "background_color": "#ffffff"}, "customer_creation": "if_required", "consent_collection": null, "client_reference_id": null, "currency_conversion": null, "payment_method_types": ["card", "link"], "allow_promotion_codes": null, "collected_information": null, "integration_identifier": null, "payment_method_options": {"card": {"request_three_d_secure": "automatic"}}, "phone_number_collection": {"enabled": false}, "payment_method_collection": "if_required", "billing_address_collection": null, "shipping_address_collection": null, "saved_payment_method_options": null, "payment_method_configuration_details": {"id": "pmc_1QbmIERqVRsTIqOYxSbgcnp5", "parent": null}}	2026-06-20 03:27:40.296381+00	\N	2026-06-20 03:27:40.29641+00	\N
11	stripe_checkout_import			Stripe Checkout	2.00	aed	0.00	0.00	pending	cs_live_a1uGKw3akkm1yadiYRWZ4dTyDEDGykoWrttYW0vEtyTBCgkQNYVoNVUjew				{"id": "cs_live_a1uGKw3akkm1yadiYRWZ4dTyDEDGykoWrttYW0vEtyTBCgkQNYVoNVUjew", "url": "https://checkout.stripe.com/g/pay/cs_live_a1uGKw3akkm1yadiYRWZ4dTyDEDGykoWrttYW0vEtyTBCgkQNYVoNVUjew#fidnandhYHdWcXxpYCc%2FJ2FgY2RwaXEnKSdicGRmZGhqaWBTZHdsZGtxJz8ncXdgZHFoYGtxWjcnKSdkdWxOYHwnPyd1blppbHNgWjA0VGdoTW1XdFNXdlFMdEpcMkJgXDQ9SktpNHF0NVVrSW49N09BZHZXSjwwUFJzak5PYnIyUlc0djBPZjZgaVVyclxQYz1GcF9sSF9mSHFqfzN2PHViN3BSNTVWNjJgZ2NnVScpJ2N3amhWYHdzYHcnP3F3cGApJ2dkZm5id2pwa2FGamlqdyc%2FJyZjY2NjY2MnKSdpZHxqcHFRfHVgJz8ndmxrYmlgWmxxYGgnKSdga2RnaWBVaWRmYG1qaWFgd3YnP3F3cGB4JSUl", "mode": "payment", "locale": null, "object": "checkout.session", "status": "open", "consent": null, "created": 1781901293, "invoice": null, "ui_mode": "hosted_page", "currency": "aed", "customer": null, "livemode": true, "metadata": {}, "discounts": [], "cancel_url": "http://165.232.167.39:8000/templates/pay/cancel/", "expires_at": 1781987693, "custom_text": {"submit": null, "after_submit": null, "shipping_address": null, "terms_of_service_acceptance": null}, "permissions": null, "submit_type": null, "success_url": "http://165.232.167.39:8000/templates/pay/success/", "amount_total": 200, "payment_link": null, "setup_intent": null, "subscription": null, "automatic_tax": {"status": null, "enabled": false, "provider": null, "liability": null}, "client_secret": null, "custom_fields": [], "shipping_cost": null, "total_details": {"amount_tax": 0, "amount_discount": 0, "amount_shipping": 0}, "customer_email": null, "origin_context": null, "payment_intent": null, "payment_status": "unpaid", "recovered_from": null, "wallet_options": null, "amount_subtotal": 200, "adaptive_pricing": {"enabled": true}, "after_expiration": null, "customer_account": null, "customer_details": null, "invoice_creation": {"enabled": false, "invoice_data": {"footer": null, "issuer": null, "metadata": {}, "description": null, "custom_fields": null, "account_tax_ids": null, "rendering_options": null}}, "managed_payments": {"enabled": false}, "shipping_options": [], "branding_settings": {"icon": null, "logo": null, "font_family": "default", "border_style": "rounded", "button_color": "#0074d4", "display_name": "ALTMYZ ALABTKARY FOR EDUCATION & TRAINING COMPUTER SOFTWARE CO.", "background_color": "#ffffff"}, "customer_creation": "if_required", "consent_collection": null, "client_reference_id": null, "currency_conversion": null, "payment_method_types": ["card", "link"], "allow_promotion_codes": null, "collected_information": null, "integration_identifier": null, "payment_method_options": {"card": {"request_three_d_secure": "automatic"}}, "phone_number_collection": {"enabled": false}, "payment_method_collection": "if_required", "billing_address_collection": null, "shipping_address_collection": null, "saved_payment_method_options": null, "payment_method_configuration_details": {"id": "pmc_1QbmIERqVRsTIqOYxSbgcnp5", "parent": null}}	2026-06-20 03:27:40.310544+00	\N	2026-06-20 03:27:40.310576+00	\N
12	stripe_checkout_import			Stripe Checkout	2.00	aed	0.00	0.00	pending	cs_live_a1fdIy7ZtJmYu8WMjdLm9IDWm01myfBe0KUCyyFxZRLwp1pIaQik29JKsn				{"id": "cs_live_a1fdIy7ZtJmYu8WMjdLm9IDWm01myfBe0KUCyyFxZRLwp1pIaQik29JKsn", "url": "https://checkout.stripe.com/c/pay/cs_live_a1fdIy7ZtJmYu8WMjdLm9IDWm01myfBe0KUCyyFxZRLwp1pIaQik29JKsn#fidnandhYHdWcXxpYCc%2FJ2FgY2RwaXEnKSdicGRmZGhqaWBTZHdsZGtxJz8nZmprcXdqaScpJ2R1bE5gfCc%2FJ3VuWmlsc2BaMDRUZ2hNbVd0U1d2UUx0SlwyQmBcND1KS2k0cXQ1VWtJbj03T0FkdldKPDBQUnNqTk9icjJSVzR2ME9mNmBpVXJyXFBjPUZwX2xIX2ZIcWp%2FM3Y8dWI3cFI1NVY2MmBnY2dVJyknY3dqaFZgd3Ngdyc%2FcXdwYCknZ2RmbmJ3anBrYUZqaWp3Jz8nJmNjY2NjYycpJ2lkfGpwcVF8dWAnPyd2bGtiaWBabHFgaCcpJ2BrZGdpYFVpZGZgbWppYWB3dic%2FcXdwYHgl", "mode": "payment", "locale": null, "object": "checkout.session", "status": "open", "consent": null, "created": 1781901047, "invoice": null, "ui_mode": "hosted_page", "currency": "aed", "customer": null, "livemode": true, "metadata": {}, "discounts": [], "cancel_url": "http://165.232.167.39:8000/templates/pay/cancel/", "expires_at": 1781987447, "custom_text": {"submit": null, "after_submit": null, "shipping_address": null, "terms_of_service_acceptance": null}, "permissions": null, "submit_type": null, "success_url": "http://165.232.167.39:8000/templates/pay/success/", "amount_total": 200, "payment_link": null, "setup_intent": null, "subscription": null, "automatic_tax": {"status": null, "enabled": false, "provider": null, "liability": null}, "client_secret": null, "custom_fields": [], "shipping_cost": null, "total_details": {"amount_tax": 0, "amount_discount": 0, "amount_shipping": 0}, "customer_email": null, "origin_context": null, "payment_intent": null, "payment_status": "unpaid", "recovered_from": null, "wallet_options": null, "amount_subtotal": 200, "adaptive_pricing": {"enabled": true}, "after_expiration": null, "customer_account": null, "customer_details": null, "invoice_creation": {"enabled": false, "invoice_data": {"footer": null, "issuer": null, "metadata": {}, "description": null, "custom_fields": null, "account_tax_ids": null, "rendering_options": null}}, "managed_payments": {"enabled": false}, "shipping_options": [], "branding_settings": {"icon": null, "logo": null, "font_family": "default", "border_style": "rounded", "button_color": "#0074d4", "display_name": "ALTMYZ ALABTKARY FOR EDUCATION & TRAINING COMPUTER SOFTWARE CO.", "background_color": "#ffffff"}, "customer_creation": "if_required", "consent_collection": null, "client_reference_id": null, "currency_conversion": null, "payment_method_types": ["card", "link"], "allow_promotion_codes": null, "collected_information": null, "integration_identifier": null, "payment_method_options": {"card": {"request_three_d_secure": "automatic"}}, "phone_number_collection": {"enabled": false}, "payment_method_collection": "if_required", "billing_address_collection": null, "shipping_address_collection": null, "saved_payment_method_options": null, "payment_method_configuration_details": {"id": "pmc_1QbmIERqVRsTIqOYxSbgcnp5", "parent": null}}	2026-06-20 03:27:40.318344+00	\N	2026-06-20 03:27:40.31838+00	\N
13	stripe_checkout_import			Stripe Checkout	2.00	aed	0.00	0.00	pending	cs_live_a1szHPPczbpQ7AI2Rnk1p6EhuItknkDGcSRmtf7Ix2XJEwSkL3XiulaB8K				{"id": "cs_live_a1szHPPczbpQ7AI2Rnk1p6EhuItknkDGcSRmtf7Ix2XJEwSkL3XiulaB8K", "url": "https://checkout.stripe.com/g/pay/cs_live_a1szHPPczbpQ7AI2Rnk1p6EhuItknkDGcSRmtf7Ix2XJEwSkL3XiulaB8K#fidnandhYHdWcXxpYCc%2FJ2FgY2RwaXEnKSdicGRmZGhqaWBTZHdsZGtxJz8ncXdgZHFoYGtxWjcnKSdkdWxOYHwnPyd1blppbHNgWjA0VGdoTW1XdFNXdlFMdEpcMkJgXDQ9SktpNHF0NVVrSW49N09BZHZXSjwwUFJzak5PYnIyUlc0djBPZjZgaVVyclxQYz1GcF9sSF9mSHFqfzN2PHViN3BSNTVWNjJgZ2NnVScpJ2N3amhWYHdzYHcnP3F3cGApJ2dkZm5id2pwa2FGamlqdyc%2FJyZjY2NjY2MnKSdpZHxqcHFRfHVgJz8ndmxrYmlgWmxxYGgnKSdga2RnaWBVaWRmYG1qaWFgd3YnP3F3cGB4JSUl", "mode": "payment", "locale": null, "object": "checkout.session", "status": "open", "consent": null, "created": 1781900829, "invoice": null, "ui_mode": "hosted_page", "currency": "aed", "customer": null, "livemode": true, "metadata": {}, "discounts": [], "cancel_url": "http://165.232.167.39:8000/templates/pay/cancel/", "expires_at": 1781987229, "custom_text": {"submit": null, "after_submit": null, "shipping_address": null, "terms_of_service_acceptance": null}, "permissions": null, "submit_type": null, "success_url": "http://165.232.167.39:8000/templates/pay/success/", "amount_total": 200, "payment_link": null, "setup_intent": null, "subscription": null, "automatic_tax": {"status": null, "enabled": false, "provider": null, "liability": null}, "client_secret": null, "custom_fields": [], "shipping_cost": null, "total_details": {"amount_tax": 0, "amount_discount": 0, "amount_shipping": 0}, "customer_email": null, "origin_context": null, "payment_intent": null, "payment_status": "unpaid", "recovered_from": null, "wallet_options": null, "amount_subtotal": 200, "adaptive_pricing": {"enabled": true}, "after_expiration": null, "customer_account": null, "customer_details": null, "invoice_creation": {"enabled": false, "invoice_data": {"footer": null, "issuer": null, "metadata": {}, "description": null, "custom_fields": null, "account_tax_ids": null, "rendering_options": null}}, "managed_payments": {"enabled": false}, "shipping_options": [], "branding_settings": {"icon": null, "logo": null, "font_family": "default", "border_style": "rounded", "button_color": "#0074d4", "display_name": "ALTMYZ ALABTKARY FOR EDUCATION & TRAINING COMPUTER SOFTWARE CO.", "background_color": "#ffffff"}, "customer_creation": "if_required", "consent_collection": null, "client_reference_id": null, "currency_conversion": null, "payment_method_types": ["card", "link"], "allow_promotion_codes": null, "collected_information": null, "integration_identifier": null, "payment_method_options": {"card": {"request_three_d_secure": "automatic"}}, "phone_number_collection": {"enabled": false}, "payment_method_collection": "if_required", "billing_address_collection": null, "shipping_address_collection": null, "saved_payment_method_options": null, "payment_method_configuration_details": {"id": "pmc_1QbmIERqVRsTIqOYxSbgcnp5", "parent": null}}	2026-06-20 03:27:40.324721+00	\N	2026-06-20 03:27:40.32475+00	\N
14	stripe_checkout_import			Stripe Checkout	2.00	aed	0.00	0.00	pending	cs_live_a1hcnl2f1GtCVcusbrGRLE2oy9RwbIiJKiitaY0pjHI1C6f2t6YorFPZ62				{"id": "cs_live_a1hcnl2f1GtCVcusbrGRLE2oy9RwbIiJKiitaY0pjHI1C6f2t6YorFPZ62", "url": "https://checkout.stripe.com/g/pay/cs_live_a1hcnl2f1GtCVcusbrGRLE2oy9RwbIiJKiitaY0pjHI1C6f2t6YorFPZ62#fidnandhYHdWcXxpYCc%2FJ2FgY2RwaXEnKSdicGRmZGhqaWBTZHdsZGtxJz8ncXdgZHFoYGtxWjcnKSdkdWxOYHwnPyd1blppbHNgWjA0VGdoTW1XdFNXdlFMdEpcMkJgXDQ9SktpNHF0NVVrSW49N09BZHZXSjwwUFJzak5PYnIyUlc0djBPZjZgaVVyclxQYz1GcF9sSF9mSHFqfzN2PHViN3BSNTVWNjJgZ2NnVScpJ2N3amhWYHdzYHcnP3F3cGApJ2dkZm5id2pwa2FGamlqdyc%2FJyZjY2NjY2MnKSdpZHxqcHFRfHVgJz8ndmxrYmlgWmxxYGgnKSdga2RnaWBVaWRmYG1qaWFgd3YnP3F3cGB4JSUl", "mode": "payment", "locale": null, "object": "checkout.session", "status": "open", "consent": null, "created": 1781900532, "invoice": null, "ui_mode": "hosted_page", "currency": "aed", "customer": null, "livemode": true, "metadata": {}, "discounts": [], "cancel_url": "http://165.232.167.39:8000/templates/pay/cancel/", "expires_at": 1781986932, "custom_text": {"submit": null, "after_submit": null, "shipping_address": null, "terms_of_service_acceptance": null}, "permissions": null, "submit_type": null, "success_url": "http://165.232.167.39:8000/templates/pay/success/", "amount_total": 200, "payment_link": null, "setup_intent": null, "subscription": null, "automatic_tax": {"status": null, "enabled": false, "provider": null, "liability": null}, "client_secret": null, "custom_fields": [], "shipping_cost": null, "total_details": {"amount_tax": 0, "amount_discount": 0, "amount_shipping": 0}, "customer_email": null, "origin_context": null, "payment_intent": null, "payment_status": "unpaid", "recovered_from": null, "wallet_options": null, "amount_subtotal": 200, "adaptive_pricing": {"enabled": true}, "after_expiration": null, "customer_account": null, "customer_details": null, "invoice_creation": {"enabled": false, "invoice_data": {"footer": null, "issuer": null, "metadata": {}, "description": null, "custom_fields": null, "account_tax_ids": null, "rendering_options": null}}, "managed_payments": {"enabled": false}, "shipping_options": [], "branding_settings": {"icon": null, "logo": null, "font_family": "default", "border_style": "rounded", "button_color": "#0074d4", "display_name": "ALTMYZ ALABTKARY FOR EDUCATION & TRAINING COMPUTER SOFTWARE CO.", "background_color": "#ffffff"}, "customer_creation": "if_required", "consent_collection": null, "client_reference_id": null, "currency_conversion": null, "payment_method_types": ["card", "link"], "allow_promotion_codes": null, "collected_information": null, "integration_identifier": null, "payment_method_options": {"card": {"request_three_d_secure": "automatic"}}, "phone_number_collection": {"enabled": false}, "payment_method_collection": "if_required", "billing_address_collection": null, "shipping_address_collection": null, "saved_payment_method_options": null, "payment_method_configuration_details": {"id": "pmc_1QbmIERqVRsTIqOYxSbgcnp5", "parent": null}}	2026-06-20 03:27:40.332238+00	\N	2026-06-20 03:27:40.33229+00	\N
15	stripe_checkout_import			Stripe Checkout	2.00	aed	0.00	0.00	pending	cs_live_a1Bs905bzlTqnO8zv3iPKDAoI23jfXUvvHSyXdNpN7aDQOSE09VHGFCton				{"id": "cs_live_a1Bs905bzlTqnO8zv3iPKDAoI23jfXUvvHSyXdNpN7aDQOSE09VHGFCton", "url": "https://checkout.stripe.com/c/pay/cs_live_a1Bs905bzlTqnO8zv3iPKDAoI23jfXUvvHSyXdNpN7aDQOSE09VHGFCton#fidnandhYHdWcXxpYCc%2FJ2FgY2RwaXEnKSdicGRmZGhqaWBTZHdsZGtxJz8nZmprcXdqaScpJ2R1bE5gfCc%2FJ3VuWmlsc2BaMDRUZ2hNbVd0U1d2UUx0SlwyQmBcND1KS2k0cXQ1VWtJbj03T0FkdldKPDBQUnNqTk9icjJSVzR2ME9mNmBpVXJyXFBjPUZwX2xIX2ZIcWp%2FM3Y8dWI3cFI1NVY2MmBnY2dVJyknY3dqaFZgd3Ngdyc%2FcXdwYCknZ2RmbmJ3anBrYUZqaWp3Jz8nJmNjY2NjYycpJ2lkfGpwcVF8dWAnPyd2bGtiaWBabHFgaCcpJ2BrZGdpYFVpZGZgbWppYWB3dic%2FcXdwYHgl", "mode": "payment", "locale": null, "object": "checkout.session", "status": "open", "consent": null, "created": 1781900405, "invoice": null, "ui_mode": "hosted_page", "currency": "aed", "customer": null, "livemode": true, "metadata": {}, "discounts": [], "cancel_url": "http://165.232.167.39:8000/templates/pay/cancel/", "expires_at": 1781986805, "custom_text": {"submit": null, "after_submit": null, "shipping_address": null, "terms_of_service_acceptance": null}, "permissions": null, "submit_type": null, "success_url": "http://165.232.167.39:8000/templates/pay/success/", "amount_total": 200, "payment_link": null, "setup_intent": null, "subscription": null, "automatic_tax": {"status": null, "enabled": false, "provider": null, "liability": null}, "client_secret": null, "custom_fields": [], "shipping_cost": null, "total_details": {"amount_tax": 0, "amount_discount": 0, "amount_shipping": 0}, "customer_email": null, "origin_context": null, "payment_intent": null, "payment_status": "unpaid", "recovered_from": null, "wallet_options": null, "amount_subtotal": 200, "adaptive_pricing": {"enabled": true}, "after_expiration": null, "customer_account": null, "customer_details": null, "invoice_creation": {"enabled": false, "invoice_data": {"footer": null, "issuer": null, "metadata": {}, "description": null, "custom_fields": null, "account_tax_ids": null, "rendering_options": null}}, "managed_payments": {"enabled": false}, "shipping_options": [], "branding_settings": {"icon": null, "logo": null, "font_family": "default", "border_style": "rounded", "button_color": "#0074d4", "display_name": "ALTMYZ ALABTKARY FOR EDUCATION & TRAINING COMPUTER SOFTWARE CO.", "background_color": "#ffffff"}, "customer_creation": "if_required", "consent_collection": null, "client_reference_id": null, "currency_conversion": null, "payment_method_types": ["card", "link"], "allow_promotion_codes": null, "collected_information": null, "integration_identifier": null, "payment_method_options": {"card": {"request_three_d_secure": "automatic"}}, "phone_number_collection": {"enabled": false}, "payment_method_collection": "if_required", "billing_address_collection": null, "shipping_address_collection": null, "saved_payment_method_options": null, "payment_method_configuration_details": {"id": "pmc_1QbmIERqVRsTIqOYxSbgcnp5", "parent": null}}	2026-06-20 03:27:40.338674+00	\N	2026-06-20 03:27:40.338703+00	\N
16	stripe_checkout_import			Stripe Checkout	5.00	aed	0.00	0.00	pending	cs_live_a1BBgxj5IemjMWW6Yh2Aq4zPiUWYaVDE67hSIET6VsnRN63Un42YmXQkQP				{"id": "cs_live_a1BBgxj5IemjMWW6Yh2Aq4zPiUWYaVDE67hSIET6VsnRN63Un42YmXQkQP", "url": "https://checkout.stripe.com/g/pay/cs_live_a1BBgxj5IemjMWW6Yh2Aq4zPiUWYaVDE67hSIET6VsnRN63Un42YmXQkQP#fidnandhYHdWcXxpYCc%2FJ2FgY2RwaXEnKSdicGRmZGhqaWBTZHdsZGtxJz8ncXdgZHFoYGtxWjQnKSdkdWxOYHwnPyd1blppbHNgWjA0VGdoTW1XdFNXdlFMdEpcMkJgXDQ9SktpNHF0NVVrSW49N09BZHZXSjwwUFJzak5PYnIyUlc0djBPZjZgaVVyclxQYz1GcF9sSF9mSHFqfzN2PHViN3BSNTVWNjJgZ2NnVScpJ2N3amhWYHdzYHcnP3F3cGApJ2dkZm5id2pwa2FGamlqdyc%2FJyZjY2NjY2MnKSdpZHxqcHFRfHVgJz8ndmxrYmlgWmxxYGgnKSdga2RnaWBVaWRmYG1qaWFgd3YnP3F3cGB4JSUl", "mode": "payment", "locale": null, "object": "checkout.session", "status": "open", "consent": null, "created": 1781900317, "invoice": null, "ui_mode": "hosted_page", "currency": "aed", "customer": null, "livemode": true, "metadata": {}, "discounts": [], "cancel_url": "http://165.232.167.39:8000/templates/pay/cancel/", "expires_at": 1781986717, "custom_text": {"submit": null, "after_submit": null, "shipping_address": null, "terms_of_service_acceptance": null}, "permissions": null, "submit_type": null, "success_url": "http://165.232.167.39:8000/templates/pay/success/", "amount_total": 500, "payment_link": null, "setup_intent": null, "subscription": null, "automatic_tax": {"status": null, "enabled": false, "provider": null, "liability": null}, "client_secret": null, "custom_fields": [], "shipping_cost": null, "total_details": {"amount_tax": 0, "amount_discount": 0, "amount_shipping": 0}, "customer_email": null, "origin_context": null, "payment_intent": null, "payment_status": "unpaid", "recovered_from": null, "wallet_options": null, "amount_subtotal": 500, "adaptive_pricing": {"enabled": true}, "after_expiration": null, "customer_account": null, "customer_details": null, "invoice_creation": {"enabled": false, "invoice_data": {"footer": null, "issuer": null, "metadata": {}, "description": null, "custom_fields": null, "account_tax_ids": null, "rendering_options": null}}, "managed_payments": {"enabled": false}, "shipping_options": [], "branding_settings": {"icon": null, "logo": null, "font_family": "default", "border_style": "rounded", "button_color": "#0074d4", "display_name": "ALTMYZ ALABTKARY FOR EDUCATION & TRAINING COMPUTER SOFTWARE CO.", "background_color": "#ffffff"}, "customer_creation": "if_required", "consent_collection": null, "client_reference_id": null, "currency_conversion": null, "payment_method_types": ["card", "link"], "allow_promotion_codes": null, "collected_information": null, "integration_identifier": null, "payment_method_options": {"card": {"request_three_d_secure": "automatic"}}, "phone_number_collection": {"enabled": false}, "payment_method_collection": "if_required", "billing_address_collection": null, "shipping_address_collection": null, "saved_payment_method_options": null, "payment_method_configuration_details": {"id": "pmc_1QbmIERqVRsTIqOYxSbgcnp5", "parent": null}}	2026-06-20 03:27:40.345474+00	\N	2026-06-20 03:27:40.345503+00	\N
17	stripe_checkout_import			Stripe Checkout	2.00	aed	0.00	0.00	pending	cs_live_a1IOafWN6fF8b3Wf6WdgsP1ehrWGFtcskQesHXPOPjFYxdjHqSSPW3gm7J				{"id": "cs_live_a1IOafWN6fF8b3Wf6WdgsP1ehrWGFtcskQesHXPOPjFYxdjHqSSPW3gm7J", "url": "https://checkout.stripe.com/g/pay/cs_live_a1IOafWN6fF8b3Wf6WdgsP1ehrWGFtcskQesHXPOPjFYxdjHqSSPW3gm7J#fidnandhYHdWcXxpYCc%2FJ2FgY2RwaXEnKSdicGRmZGhqaWBTZHdsZGtxJz8ncXdgZHFoYGtxWjcnKSdkdWxOYHwnPyd1blppbHNgWjA0VGdoTW1XdFNXdlFMdEpcMkJgXDQ9SktpNHF0NVVrSW49N09BZHZXSjwwUFJzak5PYnIyUlc0djBPZjZgaVVyclxQYz1GcF9sSF9mSHFqfzN2PHViN3BSNTVWNjJgZ2NnVScpJ2N3amhWYHdzYHcnP3F3cGApJ2dkZm5id2pwa2FGamlqdyc%2FJyZjY2NjY2MnKSdpZHxqcHFRfHVgJz8ndmxrYmlgWmxxYGgnKSdga2RnaWBVaWRmYG1qaWFgd3YnP3F3cGB4JSUl", "mode": "payment", "locale": null, "object": "checkout.session", "status": "open", "consent": null, "created": 1781899775, "invoice": null, "ui_mode": "hosted_page", "currency": "aed", "customer": null, "livemode": true, "metadata": {}, "discounts": [], "cancel_url": "http://165.232.167.39:8000/templates/pay/cancel/", "expires_at": 1781986175, "custom_text": {"submit": null, "after_submit": null, "shipping_address": null, "terms_of_service_acceptance": null}, "permissions": null, "submit_type": null, "success_url": "http://165.232.167.39:8000/templates/pay/success/", "amount_total": 200, "payment_link": null, "setup_intent": null, "subscription": null, "automatic_tax": {"status": null, "enabled": false, "provider": null, "liability": null}, "client_secret": null, "custom_fields": [], "shipping_cost": null, "total_details": {"amount_tax": 0, "amount_discount": 0, "amount_shipping": 0}, "customer_email": null, "origin_context": null, "payment_intent": null, "payment_status": "unpaid", "recovered_from": null, "wallet_options": null, "amount_subtotal": 200, "adaptive_pricing": {"enabled": true}, "after_expiration": null, "customer_account": null, "customer_details": null, "invoice_creation": {"enabled": false, "invoice_data": {"footer": null, "issuer": null, "metadata": {}, "description": null, "custom_fields": null, "account_tax_ids": null, "rendering_options": null}}, "managed_payments": {"enabled": false}, "shipping_options": [], "branding_settings": {"icon": null, "logo": null, "font_family": "default", "border_style": "rounded", "button_color": "#0074d4", "display_name": "ALTMYZ ALABTKARY FOR EDUCATION & TRAINING COMPUTER SOFTWARE CO.", "background_color": "#ffffff"}, "customer_creation": "if_required", "consent_collection": null, "client_reference_id": null, "currency_conversion": null, "payment_method_types": ["card", "link"], "allow_promotion_codes": null, "collected_information": null, "integration_identifier": null, "payment_method_options": {"card": {"request_three_d_secure": "automatic"}}, "phone_number_collection": {"enabled": false}, "payment_method_collection": "if_required", "billing_address_collection": null, "shipping_address_collection": null, "saved_payment_method_options": null, "payment_method_configuration_details": {"id": "pmc_1QbmIERqVRsTIqOYxSbgcnp5", "parent": null}}	2026-06-20 03:27:40.351782+00	\N	2026-06-20 03:27:40.351841+00	\N
19	stripe_checkout_import			Stripe Checkout	2.00	aed	0.00	0.00	pending	cs_live_a1tOOO528PSO5Jf7k20XhvxpcVzRNP8OUO8OIxprYr4JIDdqoAPMqyr58s				{"id": "cs_live_a1tOOO528PSO5Jf7k20XhvxpcVzRNP8OUO8OIxprYr4JIDdqoAPMqyr58s", "url": "https://checkout.stripe.com/g/pay/cs_live_a1tOOO528PSO5Jf7k20XhvxpcVzRNP8OUO8OIxprYr4JIDdqoAPMqyr58s#fidnandhYHdWcXxpYCc%2FJ2FgY2RwaXEnKSdicGRmZGhqaWBTZHdsZGtxJz8ncXdgZHFoYGtxWjQnKSdkdWxOYHwnPyd1blppbHNgWjA0VGdoTW1XdFNXdlFMdEpcMkJgXDQ9SktpNHF0NVVrSW49N09BZHZXSjwwUFJzak5PYnIyUlc0djBPZjZgaVVyclxQYz1GcF9sSF9mSHFqfzN2PHViN3BSNTVWNjJgZ2NnVScpJ2N3amhWYHdzYHcnP3F3cGApJ2dkZm5id2pwa2FGamlqdyc%2FJyZjY2NjY2MnKSdpZHxqcHFRfHVgJz8ndmxrYmlgWmxxYGgnKSdga2RnaWBVaWRmYG1qaWFgd3YnP3F3cGB4JSUl", "mode": "payment", "locale": null, "object": "checkout.session", "status": "open", "consent": null, "created": 1781899652, "invoice": null, "ui_mode": "hosted_page", "currency": "aed", "customer": null, "livemode": true, "metadata": {}, "discounts": [], "cancel_url": "http://165.232.167.39:8000/templates/pay/cancel/", "expires_at": 1781986052, "custom_text": {"submit": null, "after_submit": null, "shipping_address": null, "terms_of_service_acceptance": null}, "permissions": null, "submit_type": null, "success_url": "http://165.232.167.39:8000/templates/pay/success/", "amount_total": 200, "payment_link": null, "setup_intent": null, "subscription": null, "automatic_tax": {"status": null, "enabled": false, "provider": null, "liability": null}, "client_secret": null, "custom_fields": [], "shipping_cost": null, "total_details": {"amount_tax": 0, "amount_discount": 0, "amount_shipping": 0}, "customer_email": null, "origin_context": null, "payment_intent": null, "payment_status": "unpaid", "recovered_from": null, "wallet_options": null, "amount_subtotal": 200, "adaptive_pricing": {"enabled": true}, "after_expiration": null, "customer_account": null, "customer_details": null, "invoice_creation": {"enabled": false, "invoice_data": {"footer": null, "issuer": null, "metadata": {}, "description": null, "custom_fields": null, "account_tax_ids": null, "rendering_options": null}}, "managed_payments": {"enabled": false}, "shipping_options": [], "branding_settings": {"icon": null, "logo": null, "font_family": "default", "border_style": "rounded", "button_color": "#0074d4", "display_name": "ALTMYZ ALABTKARY FOR EDUCATION & TRAINING COMPUTER SOFTWARE CO.", "background_color": "#ffffff"}, "customer_creation": "if_required", "consent_collection": null, "client_reference_id": null, "currency_conversion": null, "payment_method_types": ["card", "link"], "allow_promotion_codes": null, "collected_information": null, "integration_identifier": null, "payment_method_options": {"card": {"request_three_d_secure": "automatic"}}, "phone_number_collection": {"enabled": false}, "payment_method_collection": "if_required", "billing_address_collection": null, "shipping_address_collection": null, "saved_payment_method_options": null, "payment_method_configuration_details": {"id": "pmc_1QbmIERqVRsTIqOYxSbgcnp5", "parent": null}}	2026-06-20 03:27:40.365049+00	\N	2026-06-20 03:27:40.365143+00	\N
20	stripe_checkout_import			Stripe Checkout	2.00	aed	0.00	0.00	pending	cs_live_a1cGHz7cyfYPQDIzUhdIOp1KcxUQTabIeiwJyB4n2Se6mjzm6jUntTIPQp				{"id": "cs_live_a1cGHz7cyfYPQDIzUhdIOp1KcxUQTabIeiwJyB4n2Se6mjzm6jUntTIPQp", "url": "https://checkout.stripe.com/g/pay/cs_live_a1cGHz7cyfYPQDIzUhdIOp1KcxUQTabIeiwJyB4n2Se6mjzm6jUntTIPQp#fidnandhYHdWcXxpYCc%2FJ2FgY2RwaXEnKSdicGRmZGhqaWBTZHdsZGtxJz8ncXdgZHFoYGtxWjQnKSdkdWxOYHwnPyd1blppbHNgWjA0VGdoTW1XdFNXdlFMdEpcMkJgXDQ9SktpNHF0NVVrSW49N09BZHZXSjwwUFJzak5PYnIyUlc0djBPZjZgaVVyclxQYz1GcF9sSF9mSHFqfzN2PHViN3BSNTVWNjJgZ2NnVScpJ2N3amhWYHdzYHcnP3F3cGApJ2dkZm5id2pwa2FGamlqdyc%2FJyZjY2NjY2MnKSdpZHxqcHFRfHVgJz8ndmxrYmlgWmxxYGgnKSdga2RnaWBVaWRmYG1qaWFgd3YnP3F3cGB4JSUl", "mode": "payment", "locale": null, "object": "checkout.session", "status": "open", "consent": null, "created": 1781899552, "invoice": null, "ui_mode": "hosted_page", "currency": "aed", "customer": null, "livemode": true, "metadata": {}, "discounts": [], "cancel_url": "http://165.232.167.39:8000/templates/pay/cancel/", "expires_at": 1781985952, "custom_text": {"submit": null, "after_submit": null, "shipping_address": null, "terms_of_service_acceptance": null}, "permissions": null, "submit_type": null, "success_url": "http://165.232.167.39:8000/templates/pay/success/", "amount_total": 200, "payment_link": null, "setup_intent": null, "subscription": null, "automatic_tax": {"status": null, "enabled": false, "provider": null, "liability": null}, "client_secret": null, "custom_fields": [], "shipping_cost": null, "total_details": {"amount_tax": 0, "amount_discount": 0, "amount_shipping": 0}, "customer_email": null, "origin_context": null, "payment_intent": null, "payment_status": "unpaid", "recovered_from": null, "wallet_options": null, "amount_subtotal": 200, "adaptive_pricing": {"enabled": true}, "after_expiration": null, "customer_account": null, "customer_details": null, "invoice_creation": {"enabled": false, "invoice_data": {"footer": null, "issuer": null, "metadata": {}, "description": null, "custom_fields": null, "account_tax_ids": null, "rendering_options": null}}, "managed_payments": {"enabled": false}, "shipping_options": [], "branding_settings": {"icon": null, "logo": null, "font_family": "default", "border_style": "rounded", "button_color": "#0074d4", "display_name": "ALTMYZ ALABTKARY FOR EDUCATION & TRAINING COMPUTER SOFTWARE CO.", "background_color": "#ffffff"}, "customer_creation": "if_required", "consent_collection": null, "client_reference_id": null, "currency_conversion": null, "payment_method_types": ["card", "link"], "allow_promotion_codes": null, "collected_information": null, "integration_identifier": null, "payment_method_options": {"card": {"request_three_d_secure": "automatic"}}, "phone_number_collection": {"enabled": false}, "payment_method_collection": "if_required", "billing_address_collection": null, "shipping_address_collection": null, "saved_payment_method_options": null, "payment_method_configuration_details": {"id": "pmc_1QbmIERqVRsTIqOYxSbgcnp5", "parent": null}}	2026-06-20 03:27:40.371656+00	\N	2026-06-20 03:27:40.371685+00	\N
21	stripe_checkout_import			Stripe Checkout	2.00	aed	0.00	0.00	pending	cs_live_a1FyoExIEpSTAPrBzPmCiDeUtvcHmr0MNwu3W4atB6OJZi1eiN66Y4cSk6				{"id": "cs_live_a1FyoExIEpSTAPrBzPmCiDeUtvcHmr0MNwu3W4atB6OJZi1eiN66Y4cSk6", "url": "https://checkout.stripe.com/g/pay/cs_live_a1FyoExIEpSTAPrBzPmCiDeUtvcHmr0MNwu3W4atB6OJZi1eiN66Y4cSk6#fidnandhYHdWcXxpYCc%2FJ2FgY2RwaXEnKSdicGRmZGhqaWBTZHdsZGtxJz8ncXdgZHFoYGtxWjQnKSdkdWxOYHwnPyd1blppbHNgWjA0VGdoTW1XdFNXdlFMdEpcMkJgXDQ9SktpNHF0NVVrSW49N09BZHZXSjwwUFJzak5PYnIyUlc0djBPZjZgaVVyclxQYz1GcF9sSF9mSHFqfzN2PHViN3BSNTVWNjJgZ2NnVScpJ2N3amhWYHdzYHcnP3F3cGApJ2dkZm5id2pwa2FGamlqdyc%2FJyZjY2NjY2MnKSdpZHxqcHFRfHVgJz8ndmxrYmlgWmxxYGgnKSdga2RnaWBVaWRmYG1qaWFgd3YnP3F3cGB4JSUl", "mode": "payment", "locale": null, "object": "checkout.session", "status": "open", "consent": null, "created": 1781899479, "invoice": null, "ui_mode": "hosted_page", "currency": "aed", "customer": null, "livemode": true, "metadata": {}, "discounts": [], "cancel_url": "http://165.232.167.39:8000/templates/pay/cancel/", "expires_at": 1781985879, "custom_text": {"submit": null, "after_submit": null, "shipping_address": null, "terms_of_service_acceptance": null}, "permissions": null, "submit_type": null, "success_url": "http://165.232.167.39:8000/templates/pay/success/", "amount_total": 200, "payment_link": null, "setup_intent": null, "subscription": null, "automatic_tax": {"status": null, "enabled": false, "provider": null, "liability": null}, "client_secret": null, "custom_fields": [], "shipping_cost": null, "total_details": {"amount_tax": 0, "amount_discount": 0, "amount_shipping": 0}, "customer_email": null, "origin_context": null, "payment_intent": null, "payment_status": "unpaid", "recovered_from": null, "wallet_options": null, "amount_subtotal": 200, "adaptive_pricing": {"enabled": true}, "after_expiration": null, "customer_account": null, "customer_details": null, "invoice_creation": {"enabled": false, "invoice_data": {"footer": null, "issuer": null, "metadata": {}, "description": null, "custom_fields": null, "account_tax_ids": null, "rendering_options": null}}, "managed_payments": {"enabled": false}, "shipping_options": [], "branding_settings": {"icon": null, "logo": null, "font_family": "default", "border_style": "rounded", "button_color": "#0074d4", "display_name": "ALTMYZ ALABTKARY FOR EDUCATION & TRAINING COMPUTER SOFTWARE CO.", "background_color": "#ffffff"}, "customer_creation": "if_required", "consent_collection": null, "client_reference_id": null, "currency_conversion": null, "payment_method_types": ["card", "link"], "allow_promotion_codes": null, "collected_information": null, "integration_identifier": null, "payment_method_options": {"card": {"request_three_d_secure": "automatic"}}, "phone_number_collection": {"enabled": false}, "payment_method_collection": "if_required", "billing_address_collection": null, "shipping_address_collection": null, "saved_payment_method_options": null, "payment_method_configuration_details": {"id": "pmc_1QbmIERqVRsTIqOYxSbgcnp5", "parent": null}}	2026-06-20 03:27:40.378267+00	\N	2026-06-20 03:27:40.378296+00	\N
22	stripe_checkout_import			Stripe Checkout	2.00	aed	0.00	0.00	pending	cs_live_a1GRurHlCuJjtkQR4vNLhRoPnGO3xNjn0Yj56mLAbykKzDLkMTvk6SvRkw				{"id": "cs_live_a1GRurHlCuJjtkQR4vNLhRoPnGO3xNjn0Yj56mLAbykKzDLkMTvk6SvRkw", "url": "https://checkout.stripe.com/c/pay/cs_live_a1GRurHlCuJjtkQR4vNLhRoPnGO3xNjn0Yj56mLAbykKzDLkMTvk6SvRkw#fidnandhYHdWcXxpYCc%2FJ2FgY2RwaXEnKSdicGRmZGhqaWBTZHdsZGtxJz8nZmprcXdqaScpJ2R1bE5gfCc%2FJ3VuWmlsc2BaMDRUZ2hNbVd0U1d2UUx0SlwyQmBcND1KS2k0cXQ1VWtJbj03T0FkdldKPDBQUnNqTk9icjJSVzR2ME9mNmBpVXJyXFBjPUZwX2xIX2ZIcWp%2FM3Y8dWI3cFI1NVY2MmBnY2dVJyknY3dqaFZgd3Ngdyc%2FcXdwYCknZ2RmbmJ3anBrYUZqaWp3Jz8nJmNjY2NjYycpJ2lkfGpwcVF8dWAnPyd2bGtiaWBabHFgaCcpJ2BrZGdpYFVpZGZgbWppYWB3dic%2FcXdwYHgl", "mode": "payment", "locale": null, "object": "checkout.session", "status": "open", "consent": null, "created": 1781891026, "invoice": null, "ui_mode": "hosted_page", "currency": "aed", "customer": null, "livemode": true, "metadata": {}, "discounts": [], "cancel_url": "http://testserver/pay/cancel/", "expires_at": 1781977426, "custom_text": {"submit": null, "after_submit": null, "shipping_address": null, "terms_of_service_acceptance": null}, "permissions": null, "submit_type": null, "success_url": "http://testserver/pay/success/", "amount_total": 200, "payment_link": null, "setup_intent": null, "subscription": null, "automatic_tax": {"status": null, "enabled": false, "provider": null, "liability": null}, "client_secret": null, "custom_fields": [], "shipping_cost": null, "total_details": {"amount_tax": 0, "amount_discount": 0, "amount_shipping": 0}, "customer_email": null, "origin_context": null, "payment_intent": null, "payment_status": "unpaid", "recovered_from": null, "wallet_options": null, "amount_subtotal": 200, "adaptive_pricing": {"enabled": true}, "after_expiration": null, "customer_account": null, "customer_details": null, "invoice_creation": {"enabled": false, "invoice_data": {"footer": null, "issuer": null, "metadata": {}, "description": null, "custom_fields": null, "account_tax_ids": null, "rendering_options": null}}, "managed_payments": {"enabled": false}, "shipping_options": [], "branding_settings": {"icon": null, "logo": null, "font_family": "default", "border_style": "rounded", "button_color": "#0074d4", "display_name": "ALTMYZ ALABTKARY FOR EDUCATION & TRAINING COMPUTER SOFTWARE CO.", "background_color": "#ffffff"}, "customer_creation": "if_required", "consent_collection": null, "client_reference_id": null, "currency_conversion": null, "payment_method_types": ["card", "link"], "allow_promotion_codes": null, "collected_information": null, "integration_identifier": null, "payment_method_options": {"card": {"request_three_d_secure": "automatic"}}, "phone_number_collection": {"enabled": false}, "payment_method_collection": "if_required", "billing_address_collection": null, "shipping_address_collection": null, "saved_payment_method_options": null, "payment_method_configuration_details": {"id": "pmc_1QbmIERqVRsTIqOYxSbgcnp5", "parent": null}}	2026-06-20 03:27:40.385489+00	\N	2026-06-20 03:27:40.385519+00	\N
18	stripe_checkout_import	Ahmed Ismail	ahmadanakwa@gmail.com	Stripe Checkout	2.00	aed	1.11	0.89	paid	cs_live_a11k4uYqOZrn5MgY4fZTjWJ6GnU06JjwxUXGrOufvQXMBxbxtxEC7Aeij3	pi_3Tk8iSRqVRsTIqOY0GfOBfpK	ch_3Tk8iSRqVRsTIqOY0QktHehU	txn_3Tk8iSRqVRsTIqOY09hlPzJF	{"id": "cs_live_a11k4uYqOZrn5MgY4fZTjWJ6GnU06JjwxUXGrOufvQXMBxbxtxEC7Aeij3", "url": null, "mode": "payment", "locale": null, "object": "checkout.session", "status": "complete", "consent": null, "created": 1781899681, "invoice": null, "ui_mode": "hosted_page", "currency": "aed", "customer": null, "livemode": true, "metadata": {}, "discounts": [], "cancel_url": "http://165.232.167.39:8000/templates/pay/cancel/", "expires_at": 1781986081, "custom_text": {"submit": null, "after_submit": null, "shipping_address": null, "terms_of_service_acceptance": null}, "permissions": null, "submit_type": null, "success_url": "http://165.232.167.39:8000/templates/pay/success/", "amount_total": 200, "payment_link": null, "setup_intent": null, "subscription": null, "automatic_tax": {"status": null, "enabled": false, "provider": null, "liability": null}, "client_secret": null, "custom_fields": [], "shipping_cost": null, "total_details": {"amount_tax": 0, "amount_discount": 0, "amount_shipping": 0}, "customer_email": null, "origin_context": null, "payment_intent": {"id": "pi_3Tk8iSRqVRsTIqOY0GfOBfpK", "amount": 200, "object": "payment_intent", "review": null, "source": null, "status": "succeeded", "created": 1781899720, "currency": "aed", "customer": null, "livemode": true, "metadata": {}, "shipping": null, "processing": null, "application": null, "canceled_at": null, "description": null, "next_action": null, "on_behalf_of": null, "client_secret": "pi_3Tk8iSRqVRsTIqOY0GfOBfpK_secret_tEyJgKi4Xk4u6loXOc2R7ZckW", "latest_charge": "ch_3Tk8iSRqVRsTIqOY0QktHehU", "receipt_email": null, "transfer_data": null, "amount_details": {"tip": {}}, "capture_method": "automatic_async", "payment_method": "pm_1Tk8iSRqVRsTIqOYCYEIgh7o", "transfer_group": null, "amount_received": 200, "customer_account": null, "managed_payments": {"enabled": false}, "amount_capturable": 0, "last_payment_error": null, "setup_future_usage": null, "cancellation_reason": null, "confirmation_method": "automatic", "payment_method_types": ["card"], "statement_descriptor": null, "application_fee_amount": null, "payment_method_options": {"card": {"network": null, "installments": null, "mandate_options": null, "request_three_d_secure": "automatic"}}, "automatic_payment_methods": null, "statement_descriptor_suffix": null, "shared_payment_granted_token": null, "excluded_payment_method_types": null, "payment_method_configuration_details": null}, "payment_status": "paid", "recovered_from": null, "wallet_options": null, "amount_subtotal": 200, "adaptive_pricing": {"enabled": true}, "after_expiration": null, "customer_account": null, "customer_details": {"name": "Ahmed Ismail", "email": "ahmadanakwa@gmail.com", "phone": null, "address": {"city": "", "line1": "Dubai", "line2": "", "state": "", "country": "AE", "postal_code": null}, "tax_ids": [], "tax_exempt": "none", "business_name": null, "individual_name": null}, "invoice_creation": {"enabled": false, "invoice_data": {"footer": null, "issuer": null, "metadata": {}, "description": null, "custom_fields": null, "account_tax_ids": null, "rendering_options": null}}, "managed_payments": {"enabled": false}, "shipping_options": [], "branding_settings": {"icon": null, "logo": null, "font_family": "default", "border_style": "rounded", "button_color": "#0074d4", "display_name": "ALTMYZ ALABTKARY FOR EDUCATION & TRAINING COMPUTER SOFTWARE CO.", "background_color": "#ffffff"}, "customer_creation": "if_required", "consent_collection": null, "client_reference_id": null, "currency_conversion": null, "payment_method_types": ["card", "link"], "allow_promotion_codes": null, "collected_information": null, "integration_identifier": null, "payment_method_options": {"card": {"request_three_d_secure": "automatic"}}, "phone_number_collection": {"enabled": false}, "payment_method_collection": "if_required", "billing_address_collection": null, "shipping_address_collection": null, "saved_payment_method_options": null, "payment_method_configuration_details": {"id": "pmc_1QbmIERqVRsTIqOYxSbgcnp5", "parent": null}}	2026-06-20 03:27:40.358381+00	2026-06-20 03:27:43.322483+00	2026-06-20 03:27:43.699761+00	\N
6	email_quick_checkout	Ahmed Ismail	ahmadanakwa@gmail.com	ادفع الآن	2.00	aed	1.11	0.89	paid	cs_live_a1hx3QZpmIsewKQ8Uq2VHOWpk6GahxBmGmembR3UP5TJyIZJNHIHC6tjcn	pi_3TkFI4RqVRsTIqOY0jruouri	ch_3TkFI4RqVRsTIqOY0JntsKd0	txn_3TkFI4RqVRsTIqOY0d97Oz6Y	{"id": "cs_live_a1hx3QZpmIsewKQ8Uq2VHOWpk6GahxBmGmembR3UP5TJyIZJNHIHC6tjcn", "url": null, "mode": "payment", "locale": null, "object": "checkout.session", "status": "complete", "consent": null, "created": 1781924977, "invoice": null, "ui_mode": "hosted_page", "currency": "aed", "customer": null, "livemode": true, "metadata": {"source": "email_quick_checkout", "payment_id": "6"}, "discounts": [], "cancel_url": "http://165.232.167.39:8000/templates/pay/cancel/", "expires_at": 1782011377, "custom_text": {"submit": null, "after_submit": null, "shipping_address": null, "terms_of_service_acceptance": null}, "permissions": null, "submit_type": null, "success_url": "http://165.232.167.39:8000/templates/pay/success/", "amount_total": 200, "payment_link": null, "setup_intent": null, "subscription": null, "automatic_tax": {"status": null, "enabled": false, "provider": null, "liability": null}, "client_secret": null, "custom_fields": [], "shipping_cost": null, "total_details": {"amount_tax": 0, "amount_discount": 0, "amount_shipping": 0}, "customer_email": null, "origin_context": null, "payment_intent": {"id": "pi_3TkFI4RqVRsTIqOY0jruouri", "amount": 200, "object": "payment_intent", "review": null, "source": null, "status": "succeeded", "created": 1781924992, "currency": "aed", "customer": null, "livemode": true, "metadata": {}, "shipping": null, "processing": null, "application": null, "canceled_at": null, "description": null, "next_action": null, "on_behalf_of": null, "client_secret": "pi_3TkFI4RqVRsTIqOY0jruouri_secret_oVD8TnyJGpSDw3CIdlxIQhDke", "latest_charge": "ch_3TkFI4RqVRsTIqOY0JntsKd0", "receipt_email": null, "transfer_data": null, "amount_details": {"tip": {}}, "capture_method": "automatic_async", "payment_method": "pm_1TkFI3RqVRsTIqOYmPgMwXeK", "transfer_group": null, "amount_received": 200, "customer_account": null, "managed_payments": {"enabled": false}, "amount_capturable": 0, "last_payment_error": null, "setup_future_usage": null, "cancellation_reason": null, "confirmation_method": "automatic", "payment_method_types": ["card"], "statement_descriptor": null, "application_fee_amount": null, "payment_method_options": {"card": {"network": null, "installments": null, "mandate_options": null, "request_three_d_secure": "automatic"}}, "automatic_payment_methods": null, "statement_descriptor_suffix": null, "shared_payment_granted_token": null, "excluded_payment_method_types": null, "payment_method_configuration_details": null}, "payment_status": "paid", "recovered_from": null, "wallet_options": null, "amount_subtotal": 200, "adaptive_pricing": {"enabled": true}, "after_expiration": null, "customer_account": null, "customer_details": {"name": "Ahmed Ismail", "email": "ahmadanakwa@gmail.com", "phone": null, "address": {"city": "", "line1": "Dubai", "line2": "", "state": "", "country": "AE", "postal_code": null}, "tax_ids": [], "tax_exempt": "none", "business_name": null, "individual_name": null}, "invoice_creation": {"enabled": false, "invoice_data": {"footer": null, "issuer": null, "metadata": {}, "description": null, "custom_fields": null, "account_tax_ids": null, "rendering_options": null}}, "managed_payments": {"enabled": false}, "shipping_options": [], "branding_settings": {"icon": null, "logo": null, "font_family": "default", "border_style": "rounded", "button_color": "#0074d4", "display_name": "ALTMYZ ALABTKARY FOR EDUCATION & TRAINING COMPUTER SOFTWARE CO.", "background_color": "#ffffff"}, "customer_creation": "if_required", "consent_collection": null, "client_reference_id": null, "currency_conversion": null, "payment_method_types": ["card", "link"], "allow_promotion_codes": null, "collected_information": null, "integration_identifier": null, "payment_method_options": {"card": {"request_three_d_secure": "automatic"}}, "phone_number_collection": {"enabled": false}, "payment_method_collection": "if_required", "billing_address_collection": null, "shipping_address_collection": null, "saved_payment_method_options": null, "payment_method_configuration_details": {"id": "pmc_1QbmIERqVRsTIqOYxSbgcnp5", "parent": null}}	2026-06-20 03:09:37.075422+00	2026-06-20 03:27:47.332307+00	2026-06-20 03:27:47.680401+00	\N
33	email_quick_checkout			ادفع الآن	2.00	aed	0.00	0.00	pending	cs_live_a14DvXGgtFK2roUKQUJozupdC5aP9V3tM4C7PJhqiceUlfuVrVS9H7ZJrl				{"created_at": "2026-06-21T19:07:25.073588+00:00", "query_label": "ادفع الآن", "created_from": "templates_mgr.quick_checkout", "query_amount": "2", "stripe_checkout_url": "https://checkout.stripe.com/g/pay/cs_live_a14DvXGgtFK2roUKQUJozupdC5aP9V3tM4C7PJhqiceUlfuVrVS9H7ZJrl#fidnandhYHdWcXxpYCc%2FJ2FgY2RwaXEnKSdicGRmZGhqaWBTZHdsZGtxJz8ncXdgZHFoYGtxWjcnKSdkdWxOYHwnPyd1blppbHNgWjA0VGdoTW1XdFNXdlFMdEpcMkJgXDQ9SktpNHF0NVVrSW49N09BZHZXSjwwUFJzak5PYnIyUlc0djBPZjZgaVVyclxQYz1GcF9sSF9mSHFqfzN2PHViN3BSNTVWNjJgZ2NnVScpJ2N3amhWYHdzYHcnP3F3cGApJ2dkZm5id2pwa2FGamlqdyc%2FJyZjY2NjY2MnKSdpZHxqcHFRfHVgJz8ndmxrYmlgWmxxYGgnKSdga2RnaWBVaWRmYG1qaWFgd3YnP3F3cGB4JSUl", "stripe_checkout_session_id": "cs_live_a14DvXGgtFK2roUKQUJozupdC5aP9V3tM4C7PJhqiceUlfuVrVS9H7ZJrl"}	2026-06-21 19:07:25.092616+00	\N	2026-06-21 19:07:25.619221+00	\N
23	stripe_checkout_import			Stripe Checkout	13000.00	aed	0.00	0.00	pending	cs_live_a1WclBVbFNMk5pS7e2DG7UgfLTgIcQ2CarjYYGy5TvKyssuLtuLtxQ7PYF				{"id": "cs_live_a1WclBVbFNMk5pS7e2DG7UgfLTgIcQ2CarjYYGy5TvKyssuLtuLtxQ7PYF", "url": null, "mode": "payment", "locale": null, "object": "checkout.session", "status": "expired", "consent": null, "created": 1781595905, "invoice": null, "ui_mode": "hosted_page", "currency": "aed", "customer": null, "livemode": true, "metadata": {"source": "inexc-main-site", "option_index": "1"}, "discounts": [], "cancel_url": "https://anaqweh.github.io/inexc-website-inexc/?payment=cancelled", "expires_at": 1781682305, "custom_text": {"submit": null, "after_submit": null, "shipping_address": null, "terms_of_service_acceptance": null}, "permissions": null, "submit_type": null, "success_url": "https://anaqweh.github.io/inexc-website-inexc/?payment=success&session_id={CHECKOUT_SESSION_ID}", "amount_total": 1300000, "payment_link": null, "setup_intent": null, "subscription": null, "automatic_tax": {"status": null, "enabled": false, "provider": null, "liability": null}, "client_secret": null, "custom_fields": [], "shipping_cost": null, "total_details": {"amount_tax": 0, "amount_discount": 0, "amount_shipping": 0}, "customer_email": null, "origin_context": null, "payment_intent": null, "payment_status": "unpaid", "recovered_from": null, "wallet_options": null, "amount_subtotal": 1300000, "adaptive_pricing": {"enabled": true}, "after_expiration": null, "customer_account": null, "customer_details": null, "invoice_creation": {"enabled": false, "invoice_data": {"footer": null, "issuer": null, "metadata": {}, "description": null, "custom_fields": null, "account_tax_ids": null, "rendering_options": null}}, "managed_payments": {"enabled": false}, "shipping_options": [], "branding_settings": {"icon": null, "logo": null, "font_family": "default", "border_style": "rounded", "button_color": "#0074d4", "display_name": "ALTMYZ ALABTKARY FOR EDUCATION & TRAINING COMPUTER SOFTWARE CO.", "background_color": "#ffffff"}, "customer_creation": "if_required", "consent_collection": null, "client_reference_id": null, "currency_conversion": null, "payment_method_types": ["card", "link"], "allow_promotion_codes": null, "collected_information": null, "integration_identifier": null, "payment_method_options": {"card": {"request_three_d_secure": "automatic"}}, "phone_number_collection": {"enabled": false}, "payment_method_collection": "if_required", "billing_address_collection": null, "shipping_address_collection": null, "saved_payment_method_options": null, "payment_method_configuration_details": {"id": "pmc_1QbmIERqVRsTIqOYxSbgcnp5", "parent": null}}	2026-06-20 03:27:40.391711+00	\N	2026-06-20 03:27:40.39174+00	\N
24	stripe_checkout_import			Stripe Checkout	200.00	aed	0.00	0.00	pending	cs_live_a1AxPN0FAxVfZ2Um4gIF9857w1ZFWkcMipDkkg8qXOHZCuosCzjvb8IFae				{"id": "cs_live_a1AxPN0FAxVfZ2Um4gIF9857w1ZFWkcMipDkkg8qXOHZCuosCzjvb8IFae", "url": null, "mode": "payment", "locale": null, "object": "checkout.session", "status": "expired", "consent": null, "created": 1781595883, "invoice": null, "ui_mode": "hosted_page", "currency": "aed", "customer": null, "livemode": true, "metadata": {"source": "inexc-main-site", "option_index": "3"}, "discounts": [], "cancel_url": "https://anaqweh.github.io/inexc-website-inexc/?payment=cancelled", "expires_at": 1781682282, "custom_text": {"submit": null, "after_submit": null, "shipping_address": null, "terms_of_service_acceptance": null}, "permissions": null, "submit_type": null, "success_url": "https://anaqweh.github.io/inexc-website-inexc/?payment=success&session_id={CHECKOUT_SESSION_ID}", "amount_total": 20000, "payment_link": null, "setup_intent": null, "subscription": null, "automatic_tax": {"status": null, "enabled": false, "provider": null, "liability": null}, "client_secret": null, "custom_fields": [], "shipping_cost": null, "total_details": {"amount_tax": 0, "amount_discount": 0, "amount_shipping": 0}, "customer_email": null, "origin_context": null, "payment_intent": null, "payment_status": "unpaid", "recovered_from": null, "wallet_options": null, "amount_subtotal": 20000, "adaptive_pricing": {"enabled": true}, "after_expiration": null, "customer_account": null, "customer_details": null, "invoice_creation": {"enabled": false, "invoice_data": {"footer": null, "issuer": null, "metadata": {}, "description": null, "custom_fields": null, "account_tax_ids": null, "rendering_options": null}}, "managed_payments": {"enabled": false}, "shipping_options": [], "branding_settings": {"icon": null, "logo": null, "font_family": "default", "border_style": "rounded", "button_color": "#0074d4", "display_name": "ALTMYZ ALABTKARY FOR EDUCATION & TRAINING COMPUTER SOFTWARE CO.", "background_color": "#ffffff"}, "customer_creation": "if_required", "consent_collection": null, "client_reference_id": null, "currency_conversion": null, "payment_method_types": ["card", "link"], "allow_promotion_codes": null, "collected_information": null, "integration_identifier": null, "payment_method_options": {"card": {"request_three_d_secure": "automatic"}}, "phone_number_collection": {"enabled": false}, "payment_method_collection": "if_required", "billing_address_collection": null, "shipping_address_collection": null, "saved_payment_method_options": null, "payment_method_configuration_details": {"id": "pmc_1QbmIERqVRsTIqOYxSbgcnp5", "parent": null}}	2026-06-20 03:27:40.397913+00	\N	2026-06-20 03:27:40.397941+00	\N
25	stripe_checkout_import	Wafa saeed al hebsi	‏wafa.saed@moe.sch.ae	Stripe Checkout	799.00	aed	25.38	773.62	paid	cs_live_a1GoaAqVjt14BsQJM4NlRm4YIYc4omhG0HeH8xkHhamkNKMDMhnakKuklI	pi_3TielGRqVRsTIqOY0p5EC7yC	ch_3TielGRqVRsTIqOY0z3sFG6a	txn_3TielGRqVRsTIqOY0c7Ychub	{"id": "cs_live_a1GoaAqVjt14BsQJM4NlRm4YIYc4omhG0HeH8xkHhamkNKMDMhnakKuklI", "url": null, "mode": "payment", "locale": null, "object": "checkout.session", "status": "complete", "consent": null, "created": 1781546011, "invoice": null, "ui_mode": "hosted_page", "currency": "aed", "customer": null, "livemode": true, "metadata": {"email": "‏Wafa.saed@moe.sch.ae", "phone": "0565999029", "full_name": "وفاء سعيد راشد ساعد الحبسي", "course_name": "دبلوم في مجال الابتكار والذكاء الاصطناعي             ( بشهادة دبلوم صادرة من إحدى الجامعات الإماراتية)", "invoice_number": "INV-INEXC-2026-787154", "registration_id": "237"}, "discounts": [], "cancel_url": "http://localhost:3000/register.html?payment=cancel", "expires_at": 1781632411, "custom_text": {"submit": null, "after_submit": null, "shipping_address": null, "terms_of_service_acceptance": null}, "permissions": null, "submit_type": null, "success_url": "http://localhost:3000/register.html?payment=success&invoice=INV-INEXC-2026-787154", "amount_total": 79900, "payment_link": null, "setup_intent": null, "subscription": null, "automatic_tax": {"status": null, "enabled": false, "provider": null, "liability": null}, "client_secret": null, "custom_fields": [], "shipping_cost": null, "total_details": {"amount_tax": 0, "amount_discount": 0, "amount_shipping": 0}, "customer_email": "‏Wafa.saed@moe.sch.ae", "origin_context": null, "payment_intent": {"id": "pi_3TielGRqVRsTIqOY0p5EC7yC", "amount": 79900, "object": "payment_intent", "review": null, "source": null, "status": "succeeded", "created": 1781546247, "currency": "aed", "customer": null, "livemode": true, "metadata": {}, "shipping": null, "processing": null, "application": null, "canceled_at": null, "description": null, "next_action": null, "on_behalf_of": null, "client_secret": "pi_3TielGRqVRsTIqOY0p5EC7yC_secret_wnkjKxfcaxfSHaD8PvbleQaPd", "latest_charge": "ch_3TielGRqVRsTIqOY0z3sFG6a", "receipt_email": null, "transfer_data": null, "amount_details": {"tip": {}}, "capture_method": "automatic_async", "payment_method": "pm_1TielGRqVRsTIqOYgiQQXzGC", "transfer_group": null, "amount_received": 79900, "customer_account": null, "managed_payments": {"enabled": false}, "amount_capturable": 0, "last_payment_error": null, "setup_future_usage": null, "cancellation_reason": null, "confirmation_method": "automatic", "payment_method_types": ["card"], "statement_descriptor": null, "application_fee_amount": null, "payment_method_options": {"card": {"network": null, "installments": null, "mandate_options": null, "request_three_d_secure": "automatic"}}, "automatic_payment_methods": null, "statement_descriptor_suffix": null, "shared_payment_granted_token": null, "excluded_payment_method_types": null, "payment_method_configuration_details": null}, "payment_status": "paid", "recovered_from": null, "wallet_options": null, "amount_subtotal": 79900, "adaptive_pricing": {"enabled": true}, "after_expiration": null, "customer_account": null, "customer_details": {"name": "Wafa saeed al hebsi", "email": "‏wafa.saed@moe.sch.ae", "phone": null, "address": {"city": null, "line1": null, "line2": null, "state": null, "country": "AE", "postal_code": null}, "tax_ids": [], "tax_exempt": "none", "business_name": null, "individual_name": null}, "invoice_creation": {"enabled": false, "invoice_data": {"footer": null, "issuer": null, "metadata": {}, "description": null, "custom_fields": null, "account_tax_ids": null, "rendering_options": null}}, "managed_payments": {"enabled": false}, "shipping_options": [], "branding_settings": {"icon": null, "logo": null, "font_family": "default", "border_style": "rounded", "button_color": "#0074d4", "display_name": "ALTMYZ ALABTKARY FOR EDUCATION & TRAINING COMPUTER SOFTWARE CO.", "background_color": "#ffffff"}, "customer_creation": "if_required", "consent_collection": null, "client_reference_id": null, "currency_conversion": null, "payment_method_types": ["card"], "allow_promotion_codes": null, "collected_information": {"business_name": null, "individual_name": null, "shipping_details": null}, "integration_identifier": null, "payment_method_options": {"card": {"request_three_d_secure": "automatic"}}, "phone_number_collection": {"enabled": false}, "payment_method_collection": "if_required", "billing_address_collection": null, "shipping_address_collection": null, "saved_payment_method_options": null, "payment_method_configuration_details": null}	2026-06-20 03:27:40.403867+00	2026-06-20 03:27:40.760987+00	2026-06-20 03:27:41.126624+00	\N
26	email_quick_checkout			ادفع الآن	7.00	aed	0.00	0.00	pending	cs_live_a1fcbsK4PO81imtrPiChJy0iZ3YaxVOg8IiaoN5dHkPNGGeFOPrVc4SeHe				{}	2026-06-20 04:32:31.084486+00	\N	2026-06-20 04:32:31.084552+00	\N
27	email_quick_checkout	Ahmed Ismail	ahmadanakwa@gmail.com	ادفع الآن	2.00	aed	1.11	0.89	paid	cs_live_a1mqRpgZh2yIoH21tFCYP10IM1TofYk6etKwO5tc7cAEzvHBVp7L0jWeVD	pi_3TkGelRqVRsTIqOY0cYEUz9E	ch_3TkGelRqVRsTIqOY0z9wkKR5	txn_3TkGelRqVRsTIqOY0GFgbheU	{"id": "cs_live_a1mqRpgZh2yIoH21tFCYP10IM1TofYk6etKwO5tc7cAEzvHBVp7L0jWeVD", "url": null, "mode": "payment", "locale": null, "object": "checkout.session", "status": "complete", "consent": null, "created": 1781930217, "invoice": null, "ui_mode": "hosted_page", "currency": "aed", "customer": null, "livemode": true, "metadata": {"source": "email_quick_checkout", "payment_id": "27"}, "discounts": [], "cancel_url": "http://165.232.167.39:8000/templates/pay/cancel/", "expires_at": 1782016616, "custom_text": {"submit": null, "after_submit": null, "shipping_address": null, "terms_of_service_acceptance": null}, "permissions": null, "submit_type": null, "success_url": "http://165.232.167.39:8000/templates/pay/success/", "amount_total": 200, "payment_link": null, "setup_intent": null, "subscription": null, "automatic_tax": {"status": null, "enabled": false, "provider": null, "liability": null}, "client_secret": null, "custom_fields": [], "shipping_cost": null, "total_details": {"amount_tax": 0, "amount_discount": 0, "amount_shipping": 0}, "customer_email": null, "origin_context": null, "payment_intent": {"id": "pi_3TkGelRqVRsTIqOY0cYEUz9E", "amount": 200, "object": "payment_intent", "review": null, "source": null, "status": "succeeded", "created": 1781930243, "currency": "aed", "customer": null, "livemode": true, "metadata": {}, "shipping": null, "processing": null, "application": null, "canceled_at": null, "description": null, "next_action": null, "on_behalf_of": null, "client_secret": "pi_3TkGelRqVRsTIqOY0cYEUz9E_secret_qcEo9xWdkwwb8HH8mz8ztxe2b", "latest_charge": "ch_3TkGelRqVRsTIqOY0z9wkKR5", "receipt_email": null, "transfer_data": null, "amount_details": {"tip": {}}, "capture_method": "automatic_async", "payment_method": "pm_1TkGelRqVRsTIqOYG0SmSair", "transfer_group": null, "amount_received": 200, "customer_account": null, "managed_payments": {"enabled": false}, "amount_capturable": 0, "last_payment_error": null, "setup_future_usage": null, "cancellation_reason": null, "confirmation_method": "automatic", "payment_method_types": ["card"], "statement_descriptor": null, "application_fee_amount": null, "payment_method_options": {"card": {"network": null, "installments": null, "mandate_options": null, "request_three_d_secure": "automatic"}}, "automatic_payment_methods": null, "statement_descriptor_suffix": null, "shared_payment_granted_token": null, "excluded_payment_method_types": null, "payment_method_configuration_details": null}, "payment_status": "paid", "recovered_from": null, "wallet_options": null, "amount_subtotal": 200, "adaptive_pricing": {"enabled": true}, "after_expiration": null, "customer_account": null, "customer_details": {"name": "Ahmed Ismail", "email": "ahmadanakwa@gmail.com", "phone": null, "address": {"city": "", "line1": "Dubai", "line2": "", "state": "", "country": "AE", "postal_code": null}, "tax_ids": [], "tax_exempt": "none", "business_name": null, "individual_name": null}, "invoice_creation": {"enabled": false, "invoice_data": {"footer": null, "issuer": null, "metadata": {}, "description": null, "custom_fields": null, "account_tax_ids": null, "rendering_options": null}}, "managed_payments": {"enabled": false}, "shipping_options": [], "branding_settings": {"icon": null, "logo": null, "font_family": "default", "border_style": "rounded", "button_color": "#0074d4", "display_name": "ALTMYZ ALABTKARY FOR EDUCATION & TRAINING COMPUTER SOFTWARE CO.", "background_color": "#ffffff"}, "customer_creation": "if_required", "consent_collection": null, "client_reference_id": null, "currency_conversion": null, "payment_method_types": ["card", "link"], "allow_promotion_codes": null, "collected_information": null, "integration_identifier": null, "payment_method_options": {"card": {"request_three_d_secure": "automatic"}}, "phone_number_collection": {"enabled": false}, "payment_method_collection": "if_required", "billing_address_collection": null, "shipping_address_collection": null, "saved_payment_method_options": null, "payment_method_configuration_details": {"id": "pmc_1QbmIERqVRsTIqOYxSbgcnp5", "parent": null}}	2026-06-20 04:36:56.739542+00	2026-06-20 04:38:11.748787+00	2026-06-20 04:38:12.108655+00	\N
28	stripe_checkout_import			Stripe Checkout	200.00	aed	0.00	0.00	pending	cs_live_a1BlaVn5cCz641J5yRApAg9Az3cr3wc3xrkllUq7hPsRltCzspCmPRp8nX				{"id": "cs_live_a1BlaVn5cCz641J5yRApAg9Az3cr3wc3xrkllUq7hPsRltCzspCmPRp8nX", "url": "https://checkout.stripe.com/g/pay/cs_live_a1BlaVn5cCz641J5yRApAg9Az3cr3wc3xrkllUq7hPsRltCzspCmPRp8nX#fidnandhYHdWcXxpYCc%2FJ2FgY2RwaXEnKSdicGRmZGhqaWBTZHdsZGtxJz8ncXdgZHFoYGtxWjQnKSdkdWxOYHwnPyd1blppbHNgWjA0VGdoTW1XdFNXdlFMdEpcMkJgXDQ9SktpNHF0NVVrSW49N09BZHZXSjwwUFJzak5PYnIyUlc0djBPZjZgaVVyclxQYz1GcF9sSF9mSHFqfzN2PHViN3BSNTVWNjJgZ2NnVScpJ2N3amhWYHdzYHcnP3F3cGApJ2dkZm5id2pwa2FGamlqdyc%2FJyZjY2NjY2MnKSdpZHxqcHFRfHVgJz8ndmxrYmlgWmxxYGgnKSdga2RnaWBVaWRmYG1qaWFgd3YnP3F3cGB4JSUl", "mode": "payment", "locale": null, "object": "checkout.session", "status": "open", "consent": null, "created": 1781937581, "invoice": null, "ui_mode": "hosted_page", "currency": "aed", "customer": null, "livemode": true, "metadata": {"source": "inexc-main-site", "option_index": "3"}, "discounts": [], "cancel_url": "https://anaqweh.github.io/inexc-website-inexc/?payment=cancelled", "expires_at": 1782023980, "custom_text": {"submit": null, "after_submit": null, "shipping_address": null, "terms_of_service_acceptance": null}, "permissions": null, "submit_type": null, "success_url": "https://anaqweh.github.io/inexc-website-inexc/?payment=success&session_id={CHECKOUT_SESSION_ID}", "amount_total": 20000, "payment_link": null, "setup_intent": null, "subscription": null, "automatic_tax": {"status": null, "enabled": false, "provider": null, "liability": null}, "client_secret": null, "custom_fields": [], "shipping_cost": null, "total_details": {"amount_tax": 0, "amount_discount": 0, "amount_shipping": 0}, "customer_email": null, "origin_context": null, "payment_intent": null, "payment_status": "unpaid", "recovered_from": null, "wallet_options": null, "amount_subtotal": 20000, "adaptive_pricing": {"enabled": true}, "after_expiration": null, "customer_account": null, "customer_details": null, "invoice_creation": {"enabled": false, "invoice_data": {"footer": null, "issuer": null, "metadata": {}, "description": null, "custom_fields": null, "account_tax_ids": null, "rendering_options": null}}, "managed_payments": {"enabled": false}, "shipping_options": [], "branding_settings": {"icon": null, "logo": null, "font_family": "default", "border_style": "rounded", "button_color": "#0074d4", "display_name": "ALTMYZ ALABTKARY FOR EDUCATION & TRAINING COMPUTER SOFTWARE CO.", "background_color": "#ffffff"}, "customer_creation": "if_required", "consent_collection": null, "client_reference_id": null, "currency_conversion": null, "payment_method_types": ["card", "link"], "allow_promotion_codes": null, "collected_information": null, "integration_identifier": null, "payment_method_options": {"card": {"request_three_d_secure": "automatic"}}, "phone_number_collection": {"enabled": false}, "payment_method_collection": "if_required", "billing_address_collection": null, "shipping_address_collection": null, "saved_payment_method_options": null, "payment_method_configuration_details": {"id": "pmc_1QbmIERqVRsTIqOYxSbgcnp5", "parent": null}}	2026-06-20 06:40:12.458959+00	\N	2026-06-20 06:40:12.459002+00	\N
29	email_quick_checkout	Ahmed Ismail	ahmadanakwa@gmail.com	ادفع الآن	2.00	aed	1.11	0.89	paid	cs_live_a1EmLN4vL1xt7NvE5bAH04oQIcbEgdVJr1KoH427Mk6EZCRbB1jiaIY580	pi_3TkVjRRqVRsTIqOY1OGW6FWI	ch_3TkVjRRqVRsTIqOY1O69PKMK	txn_3TkVjRRqVRsTIqOY1u65WZa0	{"id": "cs_live_a1EmLN4vL1xt7NvE5bAH04oQIcbEgdVJr1KoH427Mk6EZCRbB1jiaIY580", "url": null, "mode": "payment", "locale": null, "object": "checkout.session", "status": "complete", "consent": null, "created": 1781988178, "invoice": null, "ui_mode": "hosted_page", "currency": "aed", "customer": "cus_UjzioRYxkfZWh4", "livemode": true, "metadata": {"source": "email_quick_checkout", "payment_id": "29"}, "discounts": [], "cancel_url": "http://165.232.167.39:8000/templates/pay/cancel/", "expires_at": 1782074578, "custom_text": {"submit": null, "after_submit": null, "shipping_address": null, "terms_of_service_acceptance": null}, "permissions": null, "submit_type": null, "success_url": "http://165.232.167.39:8000/templates/pay/success/?session_id={CHECKOUT_SESSION_ID}", "amount_total": 200, "payment_link": null, "setup_intent": null, "subscription": null, "automatic_tax": {"status": null, "enabled": false, "provider": null, "liability": null}, "client_secret": null, "custom_fields": [], "shipping_cost": null, "total_details": {"amount_tax": 0, "amount_discount": 0, "amount_shipping": 0}, "customer_email": null, "origin_context": null, "payment_intent": {"id": "pi_3TkVjRRqVRsTIqOY1OGW6FWI", "amount": 200, "object": "payment_intent", "review": null, "source": null, "status": "succeeded", "created": 1781988193, "currency": "aed", "customer": "cus_UjzioRYxkfZWh4", "livemode": true, "metadata": {}, "shipping": null, "processing": null, "application": null, "canceled_at": null, "description": null, "next_action": null, "on_behalf_of": null, "client_secret": "pi_3TkVjRRqVRsTIqOY1OGW6FWI_secret_RSpMts4PJQBhMfk4XjVH0YjGx", "latest_charge": "ch_3TkVjRRqVRsTIqOY1O69PKMK", "receipt_email": null, "transfer_data": null, "amount_details": {"tip": {}}, "capture_method": "automatic_async", "payment_method": "pm_1TkVjQRqVRsTIqOYBbV81J1l", "transfer_group": null, "amount_received": 200, "customer_account": null, "managed_payments": {"enabled": false}, "amount_capturable": 0, "last_payment_error": null, "setup_future_usage": null, "cancellation_reason": null, "confirmation_method": "automatic", "payment_method_types": ["card"], "statement_descriptor": null, "application_fee_amount": null, "payment_method_options": {"card": {"network": null, "installments": null, "mandate_options": null, "request_three_d_secure": "automatic"}}, "automatic_payment_methods": null, "statement_descriptor_suffix": null, "shared_payment_granted_token": null, "excluded_payment_method_types": null, "payment_method_configuration_details": null}, "payment_status": "paid", "recovered_from": null, "wallet_options": null, "amount_subtotal": 200, "adaptive_pricing": {"enabled": true}, "after_expiration": null, "customer_account": null, "customer_details": {"name": "Ahmed Ismail", "email": "ahmadanakwa@gmail.com", "phone": null, "address": {"city": "", "line1": "Dubai", "line2": "", "state": "", "country": "AE", "postal_code": null}, "tax_ids": [], "tax_exempt": "none", "business_name": null, "individual_name": null}, "invoice_creation": {"enabled": false, "invoice_data": {"footer": null, "issuer": null, "metadata": {}, "description": null, "custom_fields": null, "account_tax_ids": null, "rendering_options": null}}, "managed_payments": {"enabled": false}, "shipping_options": [], "branding_settings": {"icon": null, "logo": null, "font_family": "default", "border_style": "rounded", "button_color": "#0074d4", "display_name": "ALTMYZ ALABTKARY FOR EDUCATION & TRAINING COMPUTER SOFTWARE CO.", "background_color": "#ffffff"}, "customer_creation": "always", "consent_collection": null, "client_reference_id": null, "currency_conversion": null, "payment_method_types": ["card", "link"], "allow_promotion_codes": null, "collected_information": {"business_name": null, "individual_name": null, "shipping_details": null}, "integration_identifier": null, "payment_method_options": {"card": {"request_three_d_secure": "automatic"}}, "phone_number_collection": {"enabled": false}, "payment_method_collection": "if_required", "billing_address_collection": null, "shipping_address_collection": null, "saved_payment_method_options": {"payment_method_save": null, "payment_method_remove": "disabled", "allow_redisplay_filters": ["always"]}, "payment_method_configuration_details": {"id": "pmc_1QbmIERqVRsTIqOYxSbgcnp5", "parent": null}}	2026-06-20 20:42:58.484669+00	2026-06-20 20:43:30.58929+00	2026-06-20 20:43:31.424507+00	\N
30	email_quick_checkout	Ahmed Ismail	ahmadanakwa@gmail.com	ادفع الآن	2.00	aed	1.11	0.89	paid	cs_live_a1DlN0xofwRnCpOtXjEgiiBnIzv3ydgclhQ4irf4CnGAdEawHVEn68dBew	pi_3TkiY6RqVRsTIqOY046eO9Zp	ch_3TkiY6RqVRsTIqOY01BULexN	txn_3TkiY6RqVRsTIqOY0hTM9bRJ	{"id": "cs_live_a1DlN0xofwRnCpOtXjEgiiBnIzv3ydgclhQ4irf4CnGAdEawHVEn68dBew", "url": null, "mode": "payment", "locale": null, "object": "checkout.session", "status": "complete", "consent": null, "created": 1782037441, "invoice": null, "ui_mode": "hosted_page", "currency": "aed", "customer": "cus_UkCyyag0Ah7Aj0", "livemode": true, "metadata": {"source": "email_quick_checkout", "payment_id": "30"}, "discounts": [], "cancel_url": "http://165.232.167.39:8000/templates/pay/cancel/", "expires_at": 1782123841, "custom_text": {"submit": null, "after_submit": null, "shipping_address": null, "terms_of_service_acceptance": null}, "permissions": null, "submit_type": null, "success_url": "http://165.232.167.39:8000/templates/pay/success/?session_id={CHECKOUT_SESSION_ID}", "amount_total": 200, "payment_link": null, "setup_intent": null, "subscription": null, "automatic_tax": {"status": null, "enabled": false, "provider": null, "liability": null}, "client_secret": null, "custom_fields": [], "shipping_cost": null, "total_details": {"amount_tax": 0, "amount_discount": 0, "amount_shipping": 0}, "customer_email": null, "origin_context": null, "payment_intent": {"id": "pi_3TkiY6RqVRsTIqOY046eO9Zp", "amount": 200, "object": "payment_intent", "review": null, "source": null, "status": "succeeded", "created": 1782037462, "currency": "aed", "customer": "cus_UkCyyag0Ah7Aj0", "livemode": true, "metadata": {}, "shipping": null, "processing": null, "application": null, "canceled_at": null, "description": null, "next_action": null, "on_behalf_of": null, "client_secret": "pi_3TkiY6RqVRsTIqOY046eO9Zp_secret_txorLICSSL3pZFTv79KxGDaS8", "latest_charge": "ch_3TkiY6RqVRsTIqOY01BULexN", "receipt_email": null, "transfer_data": null, "amount_details": {"tip": {}}, "capture_method": "automatic_async", "payment_method": "pm_1TkiY5RqVRsTIqOYIFvCoVG8", "transfer_group": null, "amount_received": 200, "customer_account": null, "managed_payments": {"enabled": false}, "amount_capturable": 0, "last_payment_error": null, "setup_future_usage": null, "cancellation_reason": null, "confirmation_method": "automatic", "payment_method_types": ["card"], "statement_descriptor": null, "application_fee_amount": null, "payment_method_options": {"card": {"network": null, "installments": null, "mandate_options": null, "request_three_d_secure": "automatic"}}, "automatic_payment_methods": null, "statement_descriptor_suffix": null, "shared_payment_granted_token": null, "excluded_payment_method_types": null, "payment_method_configuration_details": null}, "payment_status": "paid", "recovered_from": null, "wallet_options": null, "amount_subtotal": 200, "adaptive_pricing": {"enabled": true}, "after_expiration": null, "customer_account": null, "customer_details": {"name": "Ahmed Ismail", "email": "ahmadanakwa@gmail.com", "phone": null, "address": {"city": "", "line1": "Dubai", "line2": "", "state": "", "country": "AE", "postal_code": null}, "tax_ids": [], "tax_exempt": "none", "business_name": null, "individual_name": null}, "invoice_creation": {"enabled": false, "invoice_data": {"footer": null, "issuer": null, "metadata": {}, "description": null, "custom_fields": null, "account_tax_ids": null, "rendering_options": null}}, "managed_payments": {"enabled": false}, "shipping_options": [], "branding_settings": {"icon": null, "logo": null, "font_family": "default", "border_style": "rounded", "button_color": "#0074d4", "display_name": "ALTMYZ ALABTKARY FOR EDUCATION & TRAINING COMPUTER SOFTWARE CO.", "background_color": "#ffffff"}, "customer_creation": "always", "consent_collection": null, "client_reference_id": null, "currency_conversion": null, "payment_method_types": ["card", "link"], "allow_promotion_codes": null, "collected_information": {"business_name": null, "individual_name": null, "shipping_details": null}, "integration_identifier": null, "payment_method_options": {"card": {"request_three_d_secure": "automatic"}}, "phone_number_collection": {"enabled": false}, "payment_method_collection": "if_required", "billing_address_collection": null, "shipping_address_collection": null, "saved_payment_method_options": {"payment_method_save": null, "payment_method_remove": "disabled", "allow_redisplay_filters": ["always"]}, "payment_method_configuration_details": {"id": "pmc_1QbmIERqVRsTIqOYxSbgcnp5", "parent": null}}	2026-06-21 10:24:01.265384+00	2026-06-21 10:25:11.185085+00	2026-06-21 10:25:11.555736+00	\N
31	email_quick_checkout			ادفع الآن	2.00	aed	0.00	0.00	pending	cs_live_a1F7ULZirp3s4csqyoHjAZ2s2tLOfJqAR4I6GZOd4e3L6kFpHHqEk1d5wf				{"created_at": "2026-06-21T19:02:06.778578+00:00", "query_label": "ادفع الآن", "created_from": "templates_mgr.quick_checkout", "query_amount": "2", "stripe_checkout_url": "https://checkout.stripe.com/g/pay/cs_live_a1F7ULZirp3s4csqyoHjAZ2s2tLOfJqAR4I6GZOd4e3L6kFpHHqEk1d5wf#fidnandhYHdWcXxpYCc%2FJ2FgY2RwaXEnKSdicGRmZGhqaWBTZHdsZGtxJz8ncXdgZHFoYGtxWjcnKSdkdWxOYHwnPyd1blppbHNgWjA0VGdoTW1XdFNXdlFMdEpcMkJgXDQ9SktpNHF0NVVrSW49N09BZHZXSjwwUFJzak5PYnIyUlc0djBPZjZgaVVyclxQYz1GcF9sSF9mSHFqfzN2PHViN3BSNTVWNjJgZ2NnVScpJ2N3amhWYHdzYHcnP3F3cGApJ2dkZm5id2pwa2FGamlqdyc%2FJyZjY2NjY2MnKSdpZHxqcHFRfHVgJz8ndmxrYmlgWmxxYGgnKSdga2RnaWBVaWRmYG1qaWFgd3YnP3F3cGB4JSUl", "stripe_checkout_session_id": "cs_live_a1F7ULZirp3s4csqyoHjAZ2s2tLOfJqAR4I6GZOd4e3L6kFpHHqEk1d5wf"}	2026-06-21 19:02:06.780417+00	\N	2026-06-21 19:02:07.471905+00	\N
32	email_quick_checkout			ادفع الآن	2.00	aed	0.00	0.00	pending	cs_live_a1MHZeEam0wpOvokjz3eCb7porkAgspsyjTwgPpKHyTxcEWoQ0MlgqZzxa				{"created_at": "2026-06-21T19:06:07.050237+00:00", "query_label": "ادفع الآن", "created_from": "templates_mgr.quick_checkout", "query_amount": "2", "stripe_checkout_url": "https://checkout.stripe.com/c/pay/cs_live_a1MHZeEam0wpOvokjz3eCb7porkAgspsyjTwgPpKHyTxcEWoQ0MlgqZzxa#fidnandhYHdWcXxpYCc%2FJ2FgY2RwaXEnKSdicGRmZGhqaWBTZHdsZGtxJz8nZmprcXdqaScpJ2R1bE5gfCc%2FJ3VuWmlsc2BaMDRUZ2hNbVd0U1d2UUx0SlwyQmBcND1KS2k0cXQ1VWtJbj03T0FkdldKPDBQUnNqTk9icjJSVzR2ME9mNmBpVXJyXFBjPUZwX2xIX2ZIcWp%2FM3Y8dWI3cFI1NVY2MmBnY2dVJyknY3dqaFZgd3Ngdyc%2FcXdwYCknZ2RmbmJ3anBrYUZqaWp3Jz8nJmNjY2NjYycpJ2lkfGpwcVF8dWAnPyd2bGtiaWBabHFgaCcpJ2BrZGdpYFVpZGZgbWppYWB3dic%2FcXdwYHgl", "stripe_checkout_session_id": "cs_live_a1MHZeEam0wpOvokjz3eCb7porkAgspsyjTwgPpKHyTxcEWoQ0MlgqZzxa"}	2026-06-21 19:06:07.092481+00	\N	2026-06-21 19:06:07.744855+00	\N
\.


--
-- Data for Name: payments_salesinvoice; Type: TABLE DATA; Schema: public; Owner: postgres
--

COPY public.payments_salesinvoice (id, kind, invoice_number, token, customer_name, customer_email, customer_phone, customer_address, payment_method, payment_ref, status, currency, tax_rate, notes, issue_date, due_date, created_at, updated_at, tenant_id) FROM stdin;
4	sales	SAL-2026-0001	923d3b81-85c5-4b3e-9cfc-d22c5238ccfa	47				bank		unpaid	aed	5.00		2026-06-21	\N	2026-06-21 14:15:16.63925+00	2026-06-21 14:15:16.639274+00	\N
5	sales	SAL-2026-0002	2041a80d-eb97-4dbb-9c6f-5af0511c687a	47				bank		unpaid	aed	5.00		2026-06-21	\N	2026-06-21 14:22:54.203823+00	2026-06-21 14:22:54.203849+00	\N
\.


--
-- Data for Name: payments_salesinvoiceitem; Type: TABLE DATA; Schema: public; Owner: postgres
--

COPY public.payments_salesinvoiceitem (id, description, quantity, unit_price, "order", invoice_id) FROM stdin;
5	عرض كتاب الطالب+الأنشطة	1.00	2000.00	0	4
6	عرض كتاب الطالب+الأنشطة	1.00	2000.00	0	5
\.


--
-- Data for Name: payments_stripepayout; Type: TABLE DATA; Schema: public; Owner: postgres
--

COPY public.payments_stripepayout (id, payout_id, amount, currency, status, arrival_date, raw_data, created_at) FROM stdin;
\.


--
-- Data for Name: payments_stripewebhookevent; Type: TABLE DATA; Schema: public; Owner: postgres
--

COPY public.payments_stripewebhookevent (id, event_id, event_type, payload, processed, error, created_at) FROM stdin;
\.


--
-- Data for Name: platform_core_modulecatalog; Type: TABLE DATA; Schema: public; Owner: postgres
--

COPY public.platform_core_modulecatalog (id, code, name_ar, name_en, description, is_active, sort_order) FROM stdin;
1	email	النظام البريدي	Email System		t	1
2	finance	المالية	Finance		t	2
3	crm	إدارة العملاء CRM	CRM		t	3
4	accounting	المحاسبة	Accounting		t	4
5	reports	التقارير	Reports		t	5
\.


--
-- Data for Name: platform_core_platformauditlog; Type: TABLE DATA; Schema: public; Owner: postgres
--

COPY public.platform_core_platformauditlog (id, action, target_model, target_id, data, created_at, actor_id, tenant_id) FROM stdin;
\.


--
-- Data for Name: platform_core_tenant; Type: TABLE DATA; Schema: public; Owner: postgres
--

COPY public.platform_core_tenant (id, name, slug, status, owner_name, owner_email, owner_phone, domain, plan_name, modules, limits, notes, subscription_starts_at, subscription_ends_at, created_at, updated_at) FROM stdin;
1	INEXC Main Workspace	inexc-main	active	Platform Owner	info@inexc.com			internal	{"crm": false, "email": true, "finance": true, "reports": true, "accounting": true}	{"users": 5, "contacts": 5000, "storage_mb": 1024, "invoices_per_month": 500, "campaigns_per_month": 100}		\N	\N	2026-06-21 11:59:24.531033+00	2026-06-21 11:59:24.531086+00
3	تجربة	spark	active		a@a.com				{"crm": false, "email": true, "finance": true, "reports": true, "accounting": true}	{"users": 5, "contacts": 5000, "storage_mb": 1024, "invoices_per_month": 500, "campaigns_per_month": 100}		\N	\N	2026-06-21 17:33:48.678888+00	2026-06-21 17:33:48.678911+00
4	تجربة2	spark0	active	فارس	a@a.com	a@a			{"crm": false, "email": true, "finance": true, "reports": true, "accounting": true}	{"users": 5, "contacts": 5000, "storage_mb": 1024, "invoices_per_month": 500, "campaigns_per_month": 100}		\N	\N	2026-06-21 17:37:39.278257+00	2026-06-21 17:37:39.278281+00
5	أحمد عناقوة	anakwa	active		ahmadanakwa@gmail.com	0543475500			{"crm": true, "email": true, "finance": true, "reports": true, "accounting": true}	{"users": 5, "contacts": 5000, "storage_mb": 1024, "invoices_per_month": 500, "campaigns_per_month": 100}		\N	\N	2026-06-21 20:36:08.700306+00	2026-06-21 20:36:08.700352+00
\.


--
-- Data for Name: platform_core_tenantmembership; Type: TABLE DATA; Schema: public; Owner: postgres
--

COPY public.platform_core_tenantmembership (id, role_name, is_tenant_admin, is_active, permissions, created_at, updated_at, tenant_id, user_id, role_id) FROM stdin;
2		f	t	{"crm": {"edit": false, "view": false, "create": false, "delete": false, "export": false}, "email": {"edit": true, "send": true, "view": true, "create": true, "delete": true}, "finance": {"edit": false, "view": false, "create": false, "delete": false, "export": false}, "reports": {"view": true, "export": true}, "settings": {"edit": true, "view": true, "manage_users": true}}	2026-06-21 17:42:53.431301+00	2026-06-21 20:29:27.714858+00	4	6	6
4	مدير الشركة	f	t	{"crm": {"edit": true, "view": true, "create": true, "delete": true, "export": true}, "email": {"edit": true, "send": true, "view": true, "create": true, "delete": true}, "finance": {"edit": true, "view": true, "create": true, "delete": true, "export": true}, "reports": {"view": true, "export": true}, "settings": {"edit": false, "view": false, "manage_users": false}}	2026-06-21 20:44:54.027288+00	2026-06-21 21:03:30.121533+00	5	8	7
8	محاسب	f	t	{"crm": {"edit": false, "view": false, "create": false, "delete": false, "export": false}, "email": {"edit": true, "send": true, "view": true, "create": true, "delete": true}, "finance": {"edit": true, "view": true, "create": true, "delete": true, "export": true}, "reports": {"view": true, "export": true}, "settings": {"edit": false, "view": false, "manage_users": false}}	2026-06-21 21:38:24.052653+00	2026-06-21 21:38:24.052672+00	5	12	7
3		f	t	{"crm": {"edit": true, "view": true, "create": true, "delete": true, "export": true}, "email": {"edit": true, "send": true, "view": true, "create": true, "delete": true}, "finance": {"edit": false, "view": false, "create": false, "delete": false, "export": false}, "reports": {"view": true, "export": true}, "settings": {"edit": false, "view": false, "manage_users": false}}	2026-06-21 20:36:49.778211+00	2026-06-21 20:37:56.146638+00	5	7	7
6	محاسب	f	t	{"crm": {"edit": true, "view": true, "create": true, "delete": true, "export": true}, "email": {"edit": true, "send": true, "view": true, "create": true, "delete": true}, "finance": {"edit": false, "view": false, "create": false, "delete": false, "export": false}, "reports": {"view": false, "export": false}, "settings": {"edit": false, "view": false, "manage_users": false}}	2026-06-21 21:06:13.251754+00	2026-06-21 21:06:13.25178+00	5	10	7
7	محاسب	f	t	{"crm": {"edit": false, "view": false, "create": false, "delete": false, "export": false}, "email": {"edit": true, "send": true, "view": true, "create": true, "delete": true}, "finance": {"edit": false, "view": false, "create": false, "delete": false, "export": false}, "reports": {"view": false, "export": false}, "settings": {"edit": false, "view": false, "manage_users": false}}	2026-06-21 21:17:33.969574+00	2026-06-21 21:17:33.969596+00	5	11	7
\.


--
-- Data for Name: platform_core_tenantrole; Type: TABLE DATA; Schema: public; Owner: postgres
--

COPY public.platform_core_tenantrole (id, name, description, permissions, is_active, is_system, created_at, updated_at, tenant_id) FROM stdin;
1	مدير النسخة		{"crm": {"edit": true, "send": true, "view": true, "create": true, "delete": true, "export": true, "manage_users": true}, "email": {"edit": true, "send": true, "view": true, "create": true, "delete": true, "export": true, "manage_users": true}, "finance": {"edit": true, "send": true, "view": true, "create": true, "delete": true, "export": true, "manage_users": true}, "reports": {"edit": true, "send": true, "view": true, "create": true, "delete": true, "export": true, "manage_users": true}, "settings": {"edit": true, "send": true, "view": true, "create": true, "delete": true, "export": true, "manage_users": true}, "accounting": {"edit": true, "send": true, "view": true, "create": true, "delete": true, "export": true, "manage_users": true}}	t	t	2026-06-21 12:10:44.348131+00	2026-06-21 12:10:44.348182+00	1
2	محاسب		{"crm": {"view": false}, "email": {"view": false}, "finance": {"edit": true, "send": false, "view": true, "create": true, "delete": false, "export": true, "manage_users": false}, "reports": {"view": true, "export": true}, "settings": {"view": false}, "accounting": {"edit": true, "send": false, "view": true, "create": true, "delete": false, "export": true, "manage_users": false}}	t	t	2026-06-21 12:10:44.357849+00	2026-06-21 12:10:44.357881+00	1
3	موظف تسويق		{"crm": {"edit": true, "send": false, "view": true, "create": true, "delete": false, "export": false, "manage_users": false}, "email": {"edit": true, "send": true, "view": true, "create": true, "delete": false, "export": false, "manage_users": false}, "finance": {"view": false}, "reports": {"view": true, "export": false}, "settings": {"view": false}, "accounting": {"view": false}}	t	t	2026-06-21 12:10:44.365313+00	2026-06-21 12:10:44.36534+00	1
4	مشاهد فقط		{"crm": {"edit": false, "send": false, "view": true, "create": false, "delete": false, "export": false, "manage_users": false}, "email": {"edit": false, "send": false, "view": true, "create": false, "delete": false, "export": false, "manage_users": false}, "finance": {"edit": false, "send": false, "view": true, "create": false, "delete": false, "export": false, "manage_users": false}, "reports": {"edit": false, "send": false, "view": true, "create": false, "delete": false, "export": false, "manage_users": false}, "settings": {"edit": false, "send": false, "view": true, "create": false, "delete": false, "export": false, "manage_users": false}, "accounting": {"edit": false, "send": false, "view": true, "create": false, "delete": false, "export": false, "manage_users": false}}	t	t	2026-06-21 12:10:44.37267+00	2026-06-21 12:10:44.372699+00	1
6	مدير الشركة		{"crm": {"edit": false, "view": false, "create": false, "delete": false, "export": false}, "email": {"edit": true, "send": true, "view": true, "create": true, "delete": true}, "finance": {"edit": false, "view": false, "create": false, "delete": false, "export": false}, "reports": {"view": true, "export": true}, "settings": {"edit": true, "view": true, "manage_users": true}}	t	f	2026-06-21 17:42:53.422324+00	2026-06-21 20:29:27.704138+00	4
7	مدير الشركة		{"crm": {"edit": false, "view": false, "create": false, "delete": false, "export": false}, "email": {"edit": true, "send": true, "view": true, "create": true, "delete": true}, "finance": {"edit": true, "view": true, "create": true, "delete": true, "export": true}, "reports": {"view": true, "export": true}, "settings": {"edit": false, "view": false, "manage_users": false}}	t	f	2026-06-21 20:36:49.75937+00	2026-06-21 21:38:24.043189+00	5
\.


--
-- Data for Name: recipients_mailinglist; Type: TABLE DATA; Schema: public; Owner: postgres
--

COPY public.recipients_mailinglist (id, name, description, created_at, updated_at, owner_id) FROM stdin;
1	3		2026-06-18 20:30:23.094618+00	2026-06-18 20:30:23.094647+00	1
2	تجريبي	يسي	2026-06-19 00:51:11.179392+00	2026-06-19 00:51:11.179421+00	1
\.


--
-- Data for Name: recipients_recipient; Type: TABLE DATA; Schema: public; Owner: postgres
--

COPY public.recipients_recipient (id, name, email, phone, custom_field_1, custom_field_2, is_active, is_unsubscribed, unsubscribed_at, created_at, updated_at, mailing_list_id) FROM stdin;
1	Mohamed Maher Maklad	alfouly2017@gmail.com				t	f	\N	2026-06-18 20:31:20.751094+00	2026-06-18 20:31:20.751117+00	1
2	Hamoud Alsadyan	h81h@live.com				t	f	\N	2026-06-18 20:31:20.762475+00	2026-06-18 20:31:20.762498+00	1
3	Issa Hassan Sawalha	sawalha_101@yahoo.ca				t	f	\N	2026-06-18 20:31:20.772408+00	2026-06-18 20:31:20.772432+00	1
4	Dr. Amal Madbouli Mohamed	dramalabdelhameed8@gmail.com				t	f	\N	2026-06-18 20:31:20.781462+00	2026-06-18 20:31:20.781486+00	1
5	Abdu Rabbah Alhussain	abdurabbahalhussain@gmail.com				t	f	\N	2026-06-18 20:31:20.79054+00	2026-06-18 20:31:20.790562+00	1
6	Mahmoud Abdelhamid Taha	mahmoudelnorag565@gmail.com				t	f	\N	2026-06-18 20:31:20.800632+00	2026-06-18 20:31:20.800655+00	1
7	Hamza AlaaEldin Mohamed	hamza3laa23@gmail.com				t	f	\N	2026-06-18 20:31:20.811691+00	2026-06-18 20:31:20.811711+00	1
8	Ala’a Jehad Irshaid	alaajehad2015@yahoo.com				t	f	\N	2026-06-18 20:31:20.819864+00	2026-06-18 20:31:20.819974+00	1
9	Mariam Ahouzi	mariamahouzi06@gmail.com				t	f	\N	2026-06-18 20:31:20.828433+00	2026-06-18 20:31:20.828453+00	1
10	لميس محمد الخالد زعرور	lamossa.z@gmail.com				t	f	\N	2026-06-18 20:31:20.83573+00	2026-06-18 20:31:20.835746+00	1
11	تامر عبد الحكيم السنيطي	physicssupervisor@gmail.com				t	f	\N	2026-06-18 20:31:20.843531+00	2026-06-18 20:31:20.843551+00	1
12	الدكتورة رنا محمد غزال	dr.ranaghazal@gmail.com				t	f	\N	2026-06-18 20:31:20.850713+00	2026-06-18 20:31:20.85073+00	1
13	Shaimaa Mostafa Elbeak	shomzabk@gmail.com				t	f	\N	2026-06-18 20:31:20.858622+00	2026-06-18 20:31:20.858648+00	1
14	الأستاذة أماني عباس المديوني	amenimediouni25@gmail.com				t	f	\N	2026-06-18 20:31:20.868452+00	2026-06-18 20:31:20.868471+00	1
15	مريم عبدالله نعامه	mariaamnaamah@gmail.com				t	f	\N	2026-06-18 20:31:20.875808+00	2026-06-18 20:31:20.875828+00	1
16	مياده عبدالله حسن	mayadahassan175@gmail.com				t	f	\N	2026-06-18 20:31:20.883765+00	2026-06-18 20:31:20.883786+00	1
17	Dr. Mohammad Sameh Manlla	mhd.sameh.manlla@gmail.com				t	f	\N	2026-06-18 20:31:20.891264+00	2026-06-18 20:31:20.891283+00	1
18	Khalid Sultan Abdo Hussien	khalid.soultan.ks@gmail.com				t	f	\N	2026-06-18 20:31:20.901046+00	2026-06-18 20:31:20.901067+00	1
19	Hamzah Ahmad Al Saloum	hamzahalsalloum@gmail.com				t	f	\N	2026-06-18 20:31:20.912667+00	2026-06-18 20:31:20.912687+00	1
20	لعويسات رفيق	lstrafik@gmail.com				t	f	\N	2026-06-18 20:31:20.919761+00	2026-06-18 20:31:20.919783+00	1
21	سعد نايف ابوشندي	saad.abushendi@gmail.com				t	f	\N	2026-06-18 20:31:20.927021+00	2026-06-18 20:31:20.927045+00	1
22	Wale Aldeen Alnager Abdalrazeg	walialdien68@gmail.com				t	f	\N	2026-06-18 20:31:20.934234+00	2026-06-18 20:31:20.934254+00	1
23	أحمد محمد أحمد سبَّاق	mrahmedsabback@gmail.com				t	f	\N	2026-06-18 20:31:20.94461+00	2026-06-18 20:31:20.944628+00	1
24	Rabie Mohammed abdelgawwad	rara1989m@gmail.com				t	f	\N	2026-06-18 20:31:20.952992+00	2026-06-18 20:31:20.953013+00	1
25	روزانا ماهر زيدان	rozanazeidan15@gmail.com				t	f	\N	2026-06-18 20:31:20.964364+00	2026-06-18 20:31:20.964386+00	1
26	د. أمل موسى عبد اللطيف فراج	bodi1996@hotmail.com				t	f	\N	2026-06-18 20:31:20.973852+00	2026-06-18 20:31:20.973873+00	1
27	عبير محمد بسام طهراني	abirtehrani01@gmail.com				t	f	\N	2026-06-18 20:31:20.983193+00	2026-06-18 20:31:20.983213+00	1
28	Islam Abed Alnaser Musallam	islama1984@outlook.com				t	f	\N	2026-06-18 20:31:20.990324+00	2026-06-18 20:31:20.990344+00	1
29	Sawsan Mohammad Sabbah	sawsan.m.sabbah@gmail.com				t	f	\N	2026-06-18 20:31:20.998608+00	2026-06-18 20:31:20.998629+00	1
30	Aghani Mohammed Manjouna	missarabic1@gmail.com				t	f	\N	2026-06-18 20:31:21.008094+00	2026-06-18 20:31:21.008116+00	1
31	Fuad Manna Fataftah	fuad.fataftah@gmail.com				t	f	\N	2026-06-18 20:31:21.015769+00	2026-06-18 20:31:21.015788+00	1
32	Nasima Nabil	umghazal2019@gmail.com				t	f	\N	2026-06-18 20:31:21.024132+00	2026-06-18 20:31:21.024156+00	1
33	Yasmin  Harby Arikat	yasminito@yahoo.com				t	f	\N	2026-06-18 20:31:21.030944+00	2026-06-18 20:31:21.030967+00	1
34	Dr.Wasfi Adib Mohammad Alnasser	leopardwr@gmail.com				t	f	\N	2026-06-18 20:31:21.037398+00	2026-06-18 20:31:21.037417+00	1
35	RAHAF GHAZI Al BULBUL	rahafalbulbul331@gmail.com				t	f	\N	2026-06-18 20:31:21.0455+00	2026-06-18 20:31:21.04552+00	1
36	ahmadanakwa@gmail.com	ahmadanakwa@gmail.com				t	f	\N	2026-06-19 00:52:56.144082+00	2026-06-19 00:52:56.144104+00	2
37	info@inexc.com	info@inexc.com				t	f	\N	2026-06-19 00:52:56.155839+00	2026-06-19 00:52:56.155859+00	2
\.


--
-- Data for Name: recipients_unsubscribelist; Type: TABLE DATA; Schema: public; Owner: postgres
--

COPY public.recipients_unsubscribelist (id, email, reason, created_at) FROM stdin;
\.


--
-- Data for Name: recipients_uploadbatch; Type: TABLE DATA; Schema: public; Owner: postgres
--

COPY public.recipients_uploadbatch (id, file, original_name, status, total_rows, imported, duplicates, invalid, error_report, email_column, created_at, mailing_list_id) FROM stdin;
1	uploads/تحليل_الدرجات_بتصميم_جديد.xlsx	تحليل الدرجات بتصميم جديد.xlsx	done	19	0	0	19	[{"row": 2, "email": "nan", "reason": "غير صالح"}, {"row": 3, "email": "nan", "reason": "غير صالح"}, {"row": 4, "email": "nan", "reason": "غير صالح"}, {"row": 5, "email": "nan", "reason": "غير صالح"}, {"row": 6, "email": "مع المستوى\\nالنسبة %", "reason": "غير صالح"}, {"row": 7, "email": "nan", "reason": "غير صالح"}, {"row": 8, "email": "nan", "reason": "غير صالح"}, {"row": 9, "email": "nan", "reason": "غير صالح"}, {"row": 10, "email": "nan", "reason": "غير صالح"}, {"row": 11, "email": "nan", "reason": "غير صالح"}, {"row": 12, "email": "nan", "reason": "غير صالح"}, {"row": 13, "email": "nan", "reason": "غير صالح"}, {"row": 14, "email": "nan", "reason": "غير صالح"}, {"row": 15, "email": "nan", "reason": "غير صالح"}, {"row": 16, "email": "nan", "reason": "غير صالح"}, {"row": 17, "email": "nan", "reason": "غير صالح"}, {"row": 18, "email": "nan", "reason": "غير صالح"}, {"row": 19, "email": "nan", "reason": "غير صالح"}, {"row": 20, "email": "nan", "reason": "غير صالح"}]	Unnamed: 4	2026-06-18 20:30:44.008421+00	1
2	uploads/_كن_على_اتصال_معنا_وكن_جزءا_من_رحلة_التميز_الردود.xlsx	_كن على اتصال معنا وكن جزءًا من رحلة التميّز! (الردود).xlsx	done	35	35	0	0	[]	البريد الإلكتروني	2026-06-18 20:31:20.695584+00	1
3	uploads/تجريبي000.xlsx	تجريبي000.xlsx	done	2	2	0	0	[]	Unnamed: 0	2026-06-19 00:52:55.507445+00	2
\.


--
-- Data for Name: templates_mgr_bankpaymentpage; Type: TABLE DATA; Schema: public; Owner: postgres
--

COPY public.templates_mgr_bankpaymentpage (id, code, title, bank_name, account_name, iban, account_number, swift, country, currency, amount, notes, created_at, owner_id) FROM stdin;
\.


--
-- Data for Name: templates_mgr_emailtemplate; Type: TABLE DATA; Schema: public; Owner: postgres
--

COPY public.templates_mgr_emailtemplate (id, name, subject, body_html, body_text, is_active, created_at, updated_at, owner_id, blocks_json) FROM stdin;
1	تجربة	تجربة	<div style="max-width:600px;margin:0 auto;background:#ffffff;direction:rtl"><h1 style="color:#1e3a6e;font-size:28px;text-align:center;margin:0;padding:10px;font-family:Tajawal,Arial">ا</h1><div style="background:#e2e8f0;padding:40px;text-align:center;color:#888;border-radius:8px">أضف رابط صورة أو ارفعها</div><p style="color:#333333;font-size:16px;text-align:right;margin:0;padding:10px;line-height:1.7;font-family:Tajawal,Arial">سأتفقد ملف Excel أولًا، وأقارن جميع عناوين البريد بالقائمة المرسلة بعد توحيد الأحرف والمسافات، ثم أضيف السجلات غير الموج		t	2026-06-18 06:50:02.686202+00	2026-06-18 20:35:48.746832+00	\N	
3	تجربة 3	تجربة 3	<div style="max-width:600px;margin:0 auto;background:#ffffff;direction:rtl"><div style="padding:12px;font-family:Tajawal,Arial;line-height:1.7;color:#333"><h1 style="color:#1e3a6e;text-align:center">مرحباً بك في INEXC 👋</h1></div><div style="padding:12px;font-family:Tajawal,Arial;line-height:1.7;color:#333"><li data-section-id="1b3qecb" data-start="1098" data-end="1125">تحديد وقت الفتح والإغلاق.\r\n</li>\r\n<li data-section-id="e4roqn" data-start="1126" data-end="1148">\r\nتحديد عدد المحاولات.\r\n</li>\r\n<li data-section-id="vbxz2a" data-start="1149" data-end="1172">\r\nاختيار مستوى الصعوبة.\r\n</li>\r\n<li data-section-id="rq0taa" data-start="1173" data-end="1202">\r\nالسماح بالتلميحات أو منعها.\r\n</li>\r\n<li data-section-id="119iw9c" data-start="1203" data-end="1239">\r\nالسماح بإعادة المحاولة أو إغلاقها.\r\n</li>\r\n<li data-section-id="14u9aw8" data-start="1240" data-end="1267">\r\nإظهار النتيجة أو إخفاؤها.\r\n</li>\r\n<li data-section-id="xxvrtu" data-start="1268" data-end="1293">\r\nاشتراط إكمال نشاط سابق.\r\n</li>\r\n<li data-section-id="19evip5" data-start="1294" data-end="1323">\r\nفتح محاور المستوى بالتسلسل.\r\n</li>\r\n<li data-section-id="1kivswc" data-start="1324" data-end="1369">\r\nتعديل الصلاحية لاحقًا دون حذف نتائج الطال</li></div><div style="text-align:center;padding:10px"><a href="#" style="background:#1e3a6e;color:#fff;padding:12px 30px;border-radius:8px;text-decoration:none;font-weight:bold;display:inline-block;font-family:Tajawal,Arial">ابدأ الآن</a></div><div style="text-align:center;padding:15px;color:#999;font-size:12px">© INEXC · <a href="/recipients/unsubscribe//" style="color:#999">إلغاء الاشتراك</a></div></div>		t	2026-06-18 23:15:56.987441+00	2026-06-18 23:15:56.987467+00	1	
4	تجربة 3	تجربة 3	<div style="max-width:600px;margin:0 auto;background:#ffffff;direction:rtl"><div style="padding:12px;font-family:Tajawal,Arial;line-height:1.7;color:#333"><h1 style="color:#1e3a6e;text-align:center">مرحباً بك في INEXC 👋</h1></div><div style="padding:12px;font-family:Tajawal,Arial;line-height:1.7;color:#333"><li data-section-id="1b3qecb" data-start="1098" data-end="1125">تحديد وقت الفتح والإغلاق.\r\n</li>\r\n<li data-section-id="e4roqn" data-start="1126" data-end="1148">\r\nتحديد عدد المحاولات.\r\n</li>\r\n<li data-section-id="vbxz2a" data-start="1149" data-end="1172">\r\nاختيار مستوى الصعوبة.\r\n</li>\r\n<li data-section-id="rq0taa" data-start="1173" data-end="1202">\r\nالسماح بالتلميحات أو منعها.\r\n</li>\r\n<li data-section-id="119iw9c" data-start="1203" data-end="1239">\r\nالسماح بإعادة المحاولة أو إغلاقها.\r\n</li>\r\n<li data-section-id="14u9aw8" data-start="1240" data-end="1267">\r\nإظهار النتيجة أو إخفاؤها.\r\n</li>\r\n<li data-section-id="xxvrtu" data-start="1268" data-end="1293">\r\nاشتراط إكمال نشاط سابق.\r\n</li>\r\n<li data-section-id="19evip5" data-start="1294" data-end="1323">\r\nفتح محاور المستوى بالتسلسل.\r\n</li>\r\n<li data-section-id="1kivswc" data-start="1324" data-end="1369">\r\nتعديل الصلاحية لاحقًا دون حذف نتائج الطال</li></div><div style="text-align:center;padding:10px"><a href="#" style="background:#1e3a6e;color:#fff;padding:12px 30px;border-radius:8px;text-decoration:none;font-weight:bold;display:inline-block;font-family:Tajawal,Arial">ابدأ الآن</a></div><div style="text-align:center;padding:15px;color:#999;font-size:12px">© INEXC · <a href="/recipients/unsubscribe//" style="color:#999">إلغاء الاشتراك</a></div></div>		t	2026-06-18 23:15:57.112023+00	2026-06-18 23:15:57.112054+00	1	
5	تجربة 5	تجربة	<div style="max-width:600px;margin:0 auto;background:#ffffff;direction:rtl"><div style="text-align:center;padding:14px;color:#888;background:#f1f5f9;border-radius:8px">🎬 أضف رابط الفيديو</div><div style="text-align:center;padding:10px"><a href="#" style="background:#10b981;color:#ffffff;padding:14px 36px;border-radius:8px;text-decoration:none;font-weight:bold;display:inline-block;font-family:Tajawal,Arial">💳 ادفع الآن</a></div><div style="padding:12px;font-family:Tajawal,Arial;line-height:1.7;color:#333">اكتب نصك هنا. حدّد أي كلمة واستخدم شريط الأدوات للتنسيق. استخدم  للتخصيص.</div><div style="text-align:center;padding:10px"><a href="#" style="background:#1e3a6e;color:#ffffff;padding:12px 30px;border-radius:8px;text-decoration:none;font-weight:bold;display:inline-block;font-family:Tajawal,Arial">اضغط هنا</a></div><div style="text-align:center;padding:10px"><a href="#" style="background:#10b981;color:#ffffff;padding:14px 36px;border-radius:8px;text-decoration:none;font-weight:bold;display:inline-block;font-family:Tajawal,Arial">💳 ادفع الآن</a></div><div style="height:30px"></div><div style="text-align:center;padding:10px"><a href="#" style="background:#10b981;color:#ffffff;padding:14px 36px;border-radius:8px;text-decoration:none;font-weight:bold;display:inline-block;font-family:Tajawal,Arial">💳 ادفع الآن</a></div><div style="text-align:center;padding:10px"><a href="#" style="background:#1e3a6e;color:#ffffff;padding:12px 30px;border-radius:8px;text-decoration:none;font-weight:bold;display:inline-block;font-family:Tajawal,Arial">اضغط هنا</a></div><div style="padding:12px;font-family:Tajawal,Arial;line-height:1.7;color:#333">اكتب نصك هنا. حدّد أي كلمة واستخدم شريط الأدوات للتنسيق. استخدم  للتخصيص.</div><div style="text-align:center;padding:8px 0"><span style="color:#888">🔗 أضف الروابط</span></div><div style="text-align:center;padding:8px 0"><div style="margin-bottom:10px;font-weight:bold;color:#333;font-family:Tajawal,Arial">ينتهي العرض خلال</div><span style="display:inline-block;min-width:54px;margin:0 3px;text-align:center"><span style="display:block;background:#e4405f;color:#fff;border-radius:8px;padding:10px 6px;font-size:22px;font-weight:bold;font-family:Arial">00</span><span style="display:block;font-size:11px;color:#666;margin-top:4px">أيام</span></span><span style="display:inline-block;min-width:54px;margin:0 3px;text-align:center"><span style="display:block;background:#e4405f;color:#fff;border-radius:8px;padding:10px 6px;font-size:22px;font-weight:bold;font-family:Arial">00</span><span style="display:block;font-size:11px;color:#666;margin-top:4px">ساعات</span></span><span style="display:inline-block;min-width:54px;margin:0 3px;text-align:center"><span style="display:block;background:#e4405f;color:#fff;border-radius:8px;padding:10px 6px;font-size:22px;font-weight:bold;font-family:Arial">00</span><span style="display:block;font-size:11px;color:#666;margin-top:4px">دقائق</span></span><span style="display:inline-block;min-width:54px;margin:0 3px;text-align:center"><span style="display:block;background:#e4405f;color:#fff;border-radius:8px;padding:10px 6px;font-size:22px;font-weight:bold;font-family:Arial">00</span><span style="display:block;font-size:11px;color:#666;margin-top:4px">ثوانٍ</span></span></div><div style="text-align:center;padding:6px 0"><span style="color:#f5a623;font-size:26px">★</span><span style="color:#f5a623;font-size:26px">★</span><span style="color:#f5a623;font-size:26px">★</span><span style="color:#f5a623;font-size:26px">★</span><span style="color:#f5a623;font-size:26px">★</span></div><table width="100%" cellpadding="0" cellspacing="0" style="border-collapse:collapse"><tr><td valign="top" style="width:50%;padding-left:8px;font-family:Tajawal,Arial;color:#333;line-height:1.7">العمود الأيمن</td><td valign="top" style="width:50%;padding-right:8px;font-family:Tajawal,Arial;color:#333;line-height:1.7">العمود الأيسر</td></tr></table><div style="text-align:center;padding:10px;color:#888;background:#f8fafc;border-radius:8px">🖼️ ارفع الشعار</div><!-- HTML --><div style="text-align:center;padding:15px;color:#999;font-size:12px">© INEXC · <a href="/recipients/unsubscribe//" style="color:#999">إلغاء الاشتراك</a></div></div>		t	2026-06-19 00:54:53.588301+00	2026-06-19 00:54:53.588323+00	1	
6	تجربة اولى	تجربة اولى	<div style="max-width:600px;margin:0 auto;background:#ffffff;direction:rtl"><div style="text-align:center;padding:14px;color:#888;background:#f1f5f9;border-radius:8px">🎬 أضف رابط الفيديو</div><div style="text-align:center"><a href="#" target="_blank" style="background:#10b981;color:#ffffff;padding:12px 30px;border-radius:8px;text-decoration:none;font-weight:bold;display:inline-block;font-family:Tajawal,Arial">ادفع الآن</a></div><div style="padding:12px;font-family:Tajawal,Arial;line-height:1.7;color:#333">اكتب نصك هنا. حدّد أي كلمة واستخدم شريط الأدوات للتنسيق. استخدم  للتخصيص.</div><div style="text-align:center;padding:10px"><a href="#" style="background:#1e3a6e;color:#ffffff;padding:12px 30px;border-radius:8px;text-decoration:none;font-weight:bold;display:inline-block;font-family:Tajawal,Arial">اضغط هنا</a></div><div style="text-align:center"><a href="#" target="_blank" style="background:#10b981;color:#ffffff;padding:12px 30px;border-radius:8px;text-decoration:none;font-weight:bold;display:inline-block;font-family:Tajawal,Arial">ادفع الآن</a></div><div style="height:30px"></div><div style="text-align:center"><a href="#" target="_blank" style="background:#10b981;color:#ffffff;padding:12px 30px;border-radius:8px;text-decoration:none;font-weight:bold;display:inline-block;font-family:Tajawal,Arial">ادفع الآن</a></div><div style="text-align:center;padding:10px"><a href="#" style="background:#1e3a6e;color:#ffffff;padding:12px 30px;border-radius:8px;text-decoration:none;font-weight:bold;display:inline-block;font-family:Tajawal,Arial">اضغط هنا</a></div><div style="padding:12px;font-family:Tajawal,Arial;line-height:1.7;color:#333">اكتب نصك هنا. حدّد أي كلمة واستخدم شريط الأدوات للتنسيق. استخدم  للتخصيص.</div><div style="text-align:center;padding:8px 0"><span style="color:#888">🔗 أضف الروابط</span></div><div style="text-align:center;padding:8px 0"><div style="margin-bottom:10px;font-weight:bold;color:#333;font-family:Tajawal,Arial">ينتهي العرض خلال</div><span style="display:inline-block;min-width:54px;margin:0 3px;text-align:center"><span style="display:block;background:#e4405f;color:#fff;border-radius:8px;padding:10px 6px;font-size:22px;font-weight:bold;font-family:Arial">00</span><span style="display:block;font-size:11px;color:#666;margin-top:4px">أيام</span></span><span style="display:inline-block;min-width:54px;margin:0 3px;text-align:center"><span style="display:block;background:#e4405f;color:#fff;border-radius:8px;padding:10px 6px;font-size:22px;font-weight:bold;font-family:Arial">00</span><span style="display:block;font-size:11px;color:#666;margin-top:4px">ساعات</span></span><span style="display:inline-block;min-width:54px;margin:0 3px;text-align:center"><span style="display:block;background:#e4405f;color:#fff;border-radius:8px;padding:10px 6px;font-size:22px;font-weight:bold;font-family:Arial">00</span><span style="display:block;font-size:11px;color:#666;margin-top:4px">دقائق</span></span><span style="display:inline-block;min-width:54px;margin:0 3px;text-align:center"><span style="display:block;background:#e4405f;color:#fff;border-radius:8px;padding:10px 6px;font-size:22px;font-weight:bold;font-family:Arial">00</span><span style="display:block;font-size:11px;color:#666;margin-top:4px">ثوانٍ</span></span></div><div style="text-align:center;padding:6px 0"><span style="color:#f5a623;font-size:26px">★</span><span style="color:#f5a623;font-size:26px">★</span><span style="color:#f5a623;font-size:26px">★</span><span style="color:#f5a623;font-size:26px">★</span><span style="color:#f5a623;font-size:26px">★</span></div><table width="100%" cellpadding="0" cellspacing="0" style="border-collapse:collapse"><tr><td valign="top" style="width:50%;padding-left:8px;font-family:Tajawal,Arial;color:#333;line-height:1.7">العمود الأيمن</td><td valign="top" style="width:50%;padding-right:8px;font-family:Tajawal,Arial;color:#333;line-height:1.7">العمود الأيسر</td></tr></table><div style="text-align:center;padding:10px;color:#888;background:#f8fafc;border-radius:8px">🖼️ ارفع الشعار</div><!-- HTML --><div style="text-align:center"><a href="#" target="_blank" style="background:#10b981;color:#ffffff;padding:12px 30px;border-radius:8px;text-decoration:none;font-weight:bold;display:inline-block;font-family:Tajawal,Arial">ادفع الآن</a></div><div style="text-align:center;padding:15px;color:#999;font-size:12px">© INEXC · <a href="/recipients/unsubscribe//" style="color:#999">إلغاء الاشتراك</a></div></div>		t	2026-06-19 14:56:28.910875+00	2026-06-19 14:56:28.910899+00	4	
18	10000	10000	<div style="max-width:600px;margin:0 auto;background:#ffffff;direction:rtl"><div style="padding:12px;font-family:Tajawal,Arial;line-height:1.7;color:#333">اكتب نصك هنا. حدّد أي كلمة واستخدم شريط الأدوات للتنسيق. استلخدم  للتخصيص.لبلبل</div><div style="text-align:center;padding:10px"><a href="#" style="background:#1e3a6e;color:#ffffff;padding:12px 30px;border-radius:8px;text-decoration:none;font-weight:bold;display:inline-block;font-family:Tajawal,Arial">اضغط هنا</a></div><div style="text-align:center;padding:10px"><a href="#" style="background:#1e3a6e;color:#ffffff;padding:12px 30px;border-radius:8px;text-decoration:none;font-weight:bold;display:inline-block;font-family:Tajawal,Arial">اضغط هنا</a></div><div style="text-align:center"><a href="#" target="_blank" style="background:#10b981;color:#ffffff;padding:12px 30px;border-radius:8px;text-decoration:none;font-weight:bold;display:inline-block;font-family:Tajawal,Arial">ادفع الآن</a></div><div style="text-align:center;padding:15px;color:#999;font-size:12px">© INEXC · <a href="/recipients/unsubscribe//" style="color:#999">إلغاء الاشتراك</a></div></div>		t	2026-06-19 20:34:25.970813+00	2026-06-19 20:34:25.970832+00	1	[{"id":"b1","type":"text","html":"اكتب نصك هنا. حدّد أي كلمة واستخدم شريط الأدوات للتنسيق. استلخدم  للتخصيص.لبلبل"},{"id":"b2","type":"button","text":"اضغط هنا","url":"#","bg":"#1e3a6e","color":"#ffffff","align":"center"},{"id":"b3","type":"button","text":"اضغط هنا","url":"#","bg":"#1e3a6e","color":"#ffffff","align":"center"},{"id":"b4","type":"payment","text":"ادفع الآن","url":"","bg":"#10b981","color":"#ffffff","align":"center","amount":"4","payType":"link","payLink":"","bankTitle":"معلومات الدفع","bankName":"","bankAcc":"","bankIban":"","bankNum":"","bankSwift":"","bankCountry":"","bankCurr":"","bankAmount":"","bankNotes":"","bankUrl":""}]
19	500	500	<div style="max-width:600px;margin:0 auto;background:#ffffff;direction:rtl"><div style="padding:12px;font-family:Tajawal,Arial;line-height:1.7;color:#333">اكتب نصك هنا. حدّد أي كلمة واستخدم شريط الأدوات للتنسيق. استخدم  للتخصيص.</div><div style="text-align:center"><a href="http://165.232.167.39:8000/templates/pay/quick/?amount=4&label=%D8%A7%D8%AF%D9%81%D8%B9%20%D8%A7%D9%84%D8%A2%D9%86" data-amount="4" target="_blank" style="background:#10b981;color:#ffffff;padding:12px 30px;border-radius:8px;text-decoration:none;font-weight:bold;display:inline-block;font-family:Tajawal,Arial">ادفع الآن</a><div style="font-size:10px;color:#94a3b8;margin-top:4px">نوع الدفع: Stripe رابط</div></div><div style="text-align:center;padding:15px;color:#999;font-size:12px">© INEXC · <a href="/recipients/unsubscribe//" style="color:#999">إلغاء الاشتراك</a></div></div>		t	2026-06-19 20:40:30.902826+00	2026-06-19 20:40:30.902847+00	1	[{"id":"b1","type":"text","html":"اكتب نصك هنا. حدّد أي كلمة واستخدم شريط الأدوات للتنسيق. استخدم  للتخصيص."},{"id":"b2","type":"payment","text":"ادفع الآن","url":"http://165.232.167.39:8000/templates/pay/quick/?amount=4&label=%D8%A7%D8%AF%D9%81%D8%B9%20%D8%A7%D9%84%D8%A2%D9%86","bg":"#10b981","color":"#ffffff","align":"center","amount":"4","payType":"link","payLink":"http://165.232.167.39:8000/templates/pay/quick/?amount=4&label=%D8%A7%D8%AF%D9%81%D8%B9%20%D8%A7%D9%84%D8%A2%D9%86","bankTitle":"معلومات الدفع","bankName":"","bankAcc":"","bankIban":"","bankNum":"","bankSwift":"","bankCountry":"","bankCurr":"","bankAmount":"","bankNotes":"","bankUrl":"","href":"http://165.232.167.39:8000/templates/pay/quick/?amount=4&label=%D8%A7%D8%AF%D9%81%D8%B9%20%D8%A7%D9%84%D8%A2%D9%86"}]
20	قالب دورة	دورة تدريبية	<div style="max-width:600px;margin:0 auto;background:#ffffff;direction:rtl"><div style="padding:12px;font-family:Tajawal,Arial;line-height:1.7;color:#333">السلام عليكم ورحمة الله وبركاته<div>أسعد الله أوقاتكم بكل خير وبركة&nbsp;</div><div><br></div><div><br></div></div><div style="text-align:center"><a href="http://165.232.167.39:8000/templates/pay/quick/?amount=7&label=%D8%A7%D8%AF%D9%81%D8%B9%20%D8%A7%D9%84%D8%A2%D9%86" data-amount="7" target="_blank" style="background:#10b981;color:#ffffff;padding:12px 30px;border-radius:8px;text-decoration:none;font-weight:bold;display:inline-block;font-family:Tajawal,Arial">ادفع الآن</a><div style="font-size:10px;color:#94a3b8;margin-top:4px">نوع الدفع: Stripe رابط</div></div><div style="text-align:center;padding:15px;color:#999;font-size:12px">© INEXC · <a href="/recipients/unsubscribe//" style="color:#999">إلغاء الاشتراك</a></div></div>		t	2026-06-19 20:44:11.748521+00	2026-06-19 20:44:11.748553+00	1	[{"id":"b1","type":"text","html":"السلام عليكم ورحمة الله وبركاته<div>أسعد الله أوقاتكم بكل خير وبركة&nbsp;</div><div><br></div><div><br></div>"},{"id":"b2","type":"payment","text":"ادفع الآن","url":"http://165.232.167.39:8000/templates/pay/quick/?amount=7&label=%D8%A7%D8%AF%D9%81%D8%B9%20%D8%A7%D9%84%D8%A2%D9%86","bg":"#10b981","color":"#ffffff","align":"center","amount":"7","payType":"link","payLink":"http://165.232.167.39:8000/templates/pay/quick/?amount=7&label=%D8%A7%D8%AF%D9%81%D8%B9%20%D8%A7%D9%84%D8%A2%D9%86","bankTitle":"معلومات الدفع","bankName":"","bankAcc":"","bankIban":"","bankNum":"","bankSwift":"","bankCountry":"","bankCurr":"","bankAmount":"","bankNotes":"","bankUrl":"","href":"http://165.232.167.39:8000/templates/pay/quick/?amount=7&label=%D8%A7%D8%AF%D9%81%D8%B9%20%D8%A7%D9%84%D8%A2%D9%86"}]
21	قالب دورة3	دورة تدريبية	<div style="max-width:600px;margin:0 auto;background:#ffffff;direction:rtl"><div style="padding:12px;font-family:Tajawal,Arial;line-height:1.7;color:#333">السلام عليكم ورحمة الله وبركاته<div>أسعد الله أوقاتكم بكل خير وبركة&nbsp;</div><div><br></div><div><br></div></div><div style="text-align:center"><a href="http://165.232.167.39:8000/templates/pay/quick/?amount=2&label=%D8%A7%D8%AF%D9%81%D8%B9%20%D8%A7%D9%84%D8%A2%D9%86" data-amount="2" target="_blank" style="background:#10b981;color:#ffffff;padding:12px 30px;border-radius:8px;text-decoration:none;font-weight:bold;display:inline-block;font-family:Tajawal,Arial">ادفع الآن</a><div style="font-size:10px;color:#94a3b8;margin-top:4px">نوع الدفع: Stripe رابط</div></div><div style="text-align:center;padding:15px;color:#999;font-size:12px">© INEXC · <a href="/recipients/unsubscribe//" style="color:#999">إلغاء الاشتراك</a></div></div>		t	2026-06-20 03:08:55.020336+00	2026-06-20 03:08:55.020361+00	1	[{"id":"b1","type":"text","html":"السلام عليكم ورحمة الله وبركاته<div>أسعد الله أوقاتكم بكل خير وبركة&nbsp;</div><div><br></div><div><br></div>"},{"id":"b3","type":"payment","text":"ادفع الآن","url":"http://165.232.167.39:8000/templates/pay/quick/?amount=2&label=%D8%A7%D8%AF%D9%81%D8%B9%20%D8%A7%D9%84%D8%A2%D9%86","bg":"#10b981","color":"#ffffff","align":"center","amount":"2","payType":"link","payLink":"http://165.232.167.39:8000/templates/pay/quick/?amount=2&label=%D8%A7%D8%AF%D9%81%D8%B9%20%D8%A7%D9%84%D8%A2%D9%86","bankTitle":"معلومات الدفع","bankName":"","bankAcc":"","bankIban":"","bankNum":"","bankSwift":"","bankCountry":"","bankCurr":"","bankAmount":"","bankNotes":"","bankUrl":"","href":"http://165.232.167.39:8000/templates/pay/quick/?amount=2&label=%D8%A7%D8%AF%D9%81%D8%B9%20%D8%A7%D9%84%D8%A2%D9%86"}]
22	قالب دورة4	دورة تدريبية	<div style="max-width:600px;margin:0 auto;background:#ffffff;direction:rtl"><div style="padding:12px;font-family:Tajawal,Arial;line-height:1.7;color:#333">السلام عليكم ورحمة الله وبركاته<div>أسعد الله أوقاتكم بكل خير وبركة&nbsp;</div><div><br></div><div><br></div></div><div style="text-align:center"><a href="http://165.232.167.39:8000/templates/pay/quick/?amount=2&label=%D8%A7%D8%AF%D9%81%D8%B9%20%D8%A7%D9%84%D8%A2%D9%86" data-amount="2" target="_blank" style="background:#10b981;color:#ffffff;padding:12px 30px;border-radius:8px;text-decoration:none;font-weight:bold;display:inline-block;font-family:Tajawal,Arial">ادفع الآن</a><div style="font-size:10px;color:#94a3b8;margin-top:4px">نوع الدفع: Stripe رابط</div></div><div style="text-align:center;padding:15px;color:#999;font-size:12px">© INEXC · <a href="/recipients/unsubscribe//" style="color:#999">إلغاء الاشتراك</a></div></div>		t	2026-06-20 04:33:16.990302+00	2026-06-20 04:33:16.990331+00	1	[{"id":"b1","type":"text","html":"السلام عليكم ورحمة الله وبركاته<div>أسعد الله أوقاتكم بكل خير وبركة&nbsp;</div><div><br></div><div><br></div>"},{"id":"b3","type":"payment","text":"ادفع الآن","url":"http://165.232.167.39:8000/templates/pay/quick/?amount=2&label=%D8%A7%D8%AF%D9%81%D8%B9%20%D8%A7%D9%84%D8%A2%D9%86","bg":"#10b981","color":"#ffffff","align":"center","amount":"2","payType":"link","payLink":"http://165.232.167.39:8000/templates/pay/quick/?amount=2&label=%D8%A7%D8%AF%D9%81%D8%B9%20%D8%A7%D9%84%D8%A2%D9%86","bankTitle":"معلومات الدفع","bankName":"","bankAcc":"","bankIban":"","bankNum":"","bankSwift":"","bankCountry":"","bankCurr":"","bankAmount":"","bankNotes":"","bankUrl":"","href":"http://165.232.167.39:8000/templates/pay/quick/?amount=2&label=%D8%A7%D8%AF%D9%81%D8%B9%20%D8%A7%D9%84%D8%A2%D9%86"}]
\.


--
-- Name: accounting_customer_id_seq; Type: SEQUENCE SET; Schema: public; Owner: postgres
--

SELECT pg_catalog.setval('public.accounting_customer_id_seq', 1, true);


--
-- Name: accounts_auditlog_id_seq; Type: SEQUENCE SET; Schema: public; Owner: postgres
--

SELECT pg_catalog.setval('public.accounts_auditlog_id_seq', 19, true);


--
-- Name: accounts_useremailjsconfig_id_seq; Type: SEQUENCE SET; Schema: public; Owner: postgres
--

SELECT pg_catalog.setval('public.accounts_useremailjsconfig_id_seq', 5, true);


--
-- Name: accounts_userprofile_id_seq; Type: SEQUENCE SET; Schema: public; Owner: postgres
--

SELECT pg_catalog.setval('public.accounts_userprofile_id_seq', 3, true);


--
-- Name: auth_group_id_seq; Type: SEQUENCE SET; Schema: public; Owner: postgres
--

SELECT pg_catalog.setval('public.auth_group_id_seq', 1, false);


--
-- Name: auth_group_permissions_id_seq; Type: SEQUENCE SET; Schema: public; Owner: postgres
--

SELECT pg_catalog.setval('public.auth_group_permissions_id_seq', 1, false);


--
-- Name: auth_permission_id_seq; Type: SEQUENCE SET; Schema: public; Owner: postgres
--

SELECT pg_catalog.setval('public.auth_permission_id_seq', 192, true);


--
-- Name: auth_user_groups_id_seq; Type: SEQUENCE SET; Schema: public; Owner: postgres
--

SELECT pg_catalog.setval('public.auth_user_groups_id_seq', 1, false);


--
-- Name: auth_user_id_seq; Type: SEQUENCE SET; Schema: public; Owner: postgres
--

SELECT pg_catalog.setval('public.auth_user_id_seq', 12, true);


--
-- Name: auth_user_user_permissions_id_seq; Type: SEQUENCE SET; Schema: public; Owner: postgres
--

SELECT pg_catalog.setval('public.auth_user_user_permissions_id_seq', 1, false);


--
-- Name: campaigns_campaign_id_seq; Type: SEQUENCE SET; Schema: public; Owner: postgres
--

SELECT pg_catalog.setval('public.campaigns_campaign_id_seq', 3, true);


--
-- Name: campaigns_campaignmessagestep_id_seq; Type: SEQUENCE SET; Schema: public; Owner: postgres
--

SELECT pg_catalog.setval('public.campaigns_campaignmessagestep_id_seq', 1, false);


--
-- Name: campaigns_emaillog_id_seq; Type: SEQUENCE SET; Schema: public; Owner: postgres
--

SELECT pg_catalog.setval('public.campaigns_emaillog_id_seq', 1, false);


--
-- Name: crm_crmcompany_id_seq; Type: SEQUENCE SET; Schema: public; Owner: postgres
--

SELECT pg_catalog.setval('public.crm_crmcompany_id_seq', 1, true);


--
-- Name: crm_crmcontact_id_seq; Type: SEQUENCE SET; Schema: public; Owner: postgres
--

SELECT pg_catalog.setval('public.crm_crmcontact_id_seq', 1, false);


--
-- Name: crm_crmdeal_id_seq; Type: SEQUENCE SET; Schema: public; Owner: postgres
--

SELECT pg_catalog.setval('public.crm_crmdeal_id_seq', 1, false);


--
-- Name: crm_crmquote_id_seq; Type: SEQUENCE SET; Schema: public; Owner: postgres
--

SELECT pg_catalog.setval('public.crm_crmquote_id_seq', 1, true);


--
-- Name: crm_crmquoteitem_id_seq; Type: SEQUENCE SET; Schema: public; Owner: postgres
--

SELECT pg_catalog.setval('public.crm_crmquoteitem_id_seq', 1, true);


--
-- Name: crm_crmtask_id_seq; Type: SEQUENCE SET; Schema: public; Owner: postgres
--

SELECT pg_catalog.setval('public.crm_crmtask_id_seq', 1, false);


--
-- Name: django_admin_log_id_seq; Type: SEQUENCE SET; Schema: public; Owner: postgres
--

SELECT pg_catalog.setval('public.django_admin_log_id_seq', 3, true);


--
-- Name: django_celery_beat_clockedschedule_id_seq; Type: SEQUENCE SET; Schema: public; Owner: postgres
--

SELECT pg_catalog.setval('public.django_celery_beat_clockedschedule_id_seq', 1, false);


--
-- Name: django_celery_beat_crontabschedule_id_seq; Type: SEQUENCE SET; Schema: public; Owner: postgres
--

SELECT pg_catalog.setval('public.django_celery_beat_crontabschedule_id_seq', 1, true);


--
-- Name: django_celery_beat_intervalschedule_id_seq; Type: SEQUENCE SET; Schema: public; Owner: postgres
--

SELECT pg_catalog.setval('public.django_celery_beat_intervalschedule_id_seq', 1, true);


--
-- Name: django_celery_beat_periodictask_id_seq; Type: SEQUENCE SET; Schema: public; Owner: postgres
--

SELECT pg_catalog.setval('public.django_celery_beat_periodictask_id_seq', 2, true);


--
-- Name: django_celery_beat_solarschedule_id_seq; Type: SEQUENCE SET; Schema: public; Owner: postgres
--

SELECT pg_catalog.setval('public.django_celery_beat_solarschedule_id_seq', 1, false);


--
-- Name: django_celery_results_chordcounter_id_seq; Type: SEQUENCE SET; Schema: public; Owner: postgres
--

SELECT pg_catalog.setval('public.django_celery_results_chordcounter_id_seq', 1, false);


--
-- Name: django_celery_results_groupresult_id_seq; Type: SEQUENCE SET; Schema: public; Owner: postgres
--

SELECT pg_catalog.setval('public.django_celery_results_groupresult_id_seq', 1, false);


--
-- Name: django_celery_results_taskresult_id_seq; Type: SEQUENCE SET; Schema: public; Owner: postgres
--

SELECT pg_catalog.setval('public.django_celery_results_taskresult_id_seq', 1, false);


--
-- Name: django_content_type_id_seq; Type: SEQUENCE SET; Schema: public; Owner: postgres
--

SELECT pg_catalog.setval('public.django_content_type_id_seq', 48, true);


--
-- Name: django_migrations_id_seq; Type: SEQUENCE SET; Schema: public; Owner: postgres
--

SELECT pg_catalog.setval('public.django_migrations_id_seq', 75, true);


--
-- Name: payments_companysettings_id_seq; Type: SEQUENCE SET; Schema: public; Owner: postgres
--

SELECT pg_catalog.setval('public.payments_companysettings_id_seq', 1, false);


--
-- Name: payments_expense_id_seq; Type: SEQUENCE SET; Schema: public; Owner: postgres
--

SELECT pg_catalog.setval('public.payments_expense_id_seq', 5, true);


--
-- Name: payments_invoice_id_seq; Type: SEQUENCE SET; Schema: public; Owner: postgres
--

SELECT pg_catalog.setval('public.payments_invoice_id_seq', 7, true);


--
-- Name: payments_payment_id_seq; Type: SEQUENCE SET; Schema: public; Owner: postgres
--

SELECT pg_catalog.setval('public.payments_payment_id_seq', 33, true);


--
-- Name: payments_salesinvoice_id_seq; Type: SEQUENCE SET; Schema: public; Owner: postgres
--

SELECT pg_catalog.setval('public.payments_salesinvoice_id_seq', 5, true);


--
-- Name: payments_salesinvoiceitem_id_seq; Type: SEQUENCE SET; Schema: public; Owner: postgres
--

SELECT pg_catalog.setval('public.payments_salesinvoiceitem_id_seq', 6, true);


--
-- Name: payments_stripepayout_id_seq; Type: SEQUENCE SET; Schema: public; Owner: postgres
--

SELECT pg_catalog.setval('public.payments_stripepayout_id_seq', 1, false);


--
-- Name: payments_stripewebhookevent_id_seq; Type: SEQUENCE SET; Schema: public; Owner: postgres
--

SELECT pg_catalog.setval('public.payments_stripewebhookevent_id_seq', 1, false);


--
-- Name: platform_core_modulecatalog_id_seq; Type: SEQUENCE SET; Schema: public; Owner: postgres
--

SELECT pg_catalog.setval('public.platform_core_modulecatalog_id_seq', 5, true);


--
-- Name: platform_core_platformauditlog_id_seq; Type: SEQUENCE SET; Schema: public; Owner: postgres
--

SELECT pg_catalog.setval('public.platform_core_platformauditlog_id_seq', 1, false);


--
-- Name: platform_core_tenant_id_seq; Type: SEQUENCE SET; Schema: public; Owner: postgres
--

SELECT pg_catalog.setval('public.platform_core_tenant_id_seq', 5, true);


--
-- Name: platform_core_tenantmembership_id_seq; Type: SEQUENCE SET; Schema: public; Owner: postgres
--

SELECT pg_catalog.setval('public.platform_core_tenantmembership_id_seq', 8, true);


--
-- Name: platform_core_tenantrole_id_seq; Type: SEQUENCE SET; Schema: public; Owner: postgres
--

SELECT pg_catalog.setval('public.platform_core_tenantrole_id_seq', 7, true);


--
-- Name: recipients_mailinglist_id_seq; Type: SEQUENCE SET; Schema: public; Owner: postgres
--

SELECT pg_catalog.setval('public.recipients_mailinglist_id_seq', 2, true);


--
-- Name: recipients_recipient_id_seq; Type: SEQUENCE SET; Schema: public; Owner: postgres
--

SELECT pg_catalog.setval('public.recipients_recipient_id_seq', 37, true);


--
-- Name: recipients_unsubscribelist_id_seq; Type: SEQUENCE SET; Schema: public; Owner: postgres
--

SELECT pg_catalog.setval('public.recipients_unsubscribelist_id_seq', 1, false);


--
-- Name: recipients_uploadbatch_id_seq; Type: SEQUENCE SET; Schema: public; Owner: postgres
--

SELECT pg_catalog.setval('public.recipients_uploadbatch_id_seq', 3, true);


--
-- Name: templates_mgr_bankpaymentpage_id_seq; Type: SEQUENCE SET; Schema: public; Owner: postgres
--

SELECT pg_catalog.setval('public.templates_mgr_bankpaymentpage_id_seq', 1, false);


--
-- Name: templates_mgr_emailtemplate_id_seq; Type: SEQUENCE SET; Schema: public; Owner: postgres
--

SELECT pg_catalog.setval('public.templates_mgr_emailtemplate_id_seq', 22, true);


--
-- Name: accounting_customer accounting_customer_pkey; Type: CONSTRAINT; Schema: public; Owner: postgres
--

ALTER TABLE ONLY public.accounting_customer
    ADD CONSTRAINT accounting_customer_pkey PRIMARY KEY (id);


--
-- Name: accounts_auditlog accounts_auditlog_pkey; Type: CONSTRAINT; Schema: public; Owner: postgres
--

ALTER TABLE ONLY public.accounts_auditlog
    ADD CONSTRAINT accounts_auditlog_pkey PRIMARY KEY (id);


--
-- Name: accounts_useremailjsconfig accounts_useremailjsconfig_pkey; Type: CONSTRAINT; Schema: public; Owner: postgres
--

ALTER TABLE ONLY public.accounts_useremailjsconfig
    ADD CONSTRAINT accounts_useremailjsconfig_pkey PRIMARY KEY (id);


--
-- Name: accounts_useremailjsconfig accounts_useremailjsconfig_user_id_key; Type: CONSTRAINT; Schema: public; Owner: postgres
--

ALTER TABLE ONLY public.accounts_useremailjsconfig
    ADD CONSTRAINT accounts_useremailjsconfig_user_id_key UNIQUE (user_id);


--
-- Name: accounts_userprofile accounts_userprofile_pkey; Type: CONSTRAINT; Schema: public; Owner: postgres
--

ALTER TABLE ONLY public.accounts_userprofile
    ADD CONSTRAINT accounts_userprofile_pkey PRIMARY KEY (id);


--
-- Name: accounts_userprofile accounts_userprofile_user_id_key; Type: CONSTRAINT; Schema: public; Owner: postgres
--

ALTER TABLE ONLY public.accounts_userprofile
    ADD CONSTRAINT accounts_userprofile_user_id_key UNIQUE (user_id);


--
-- Name: auth_group auth_group_name_key; Type: CONSTRAINT; Schema: public; Owner: postgres
--

ALTER TABLE ONLY public.auth_group
    ADD CONSTRAINT auth_group_name_key UNIQUE (name);


--
-- Name: auth_group_permissions auth_group_permissions_group_id_permission_id_0cd325b0_uniq; Type: CONSTRAINT; Schema: public; Owner: postgres
--

ALTER TABLE ONLY public.auth_group_permissions
    ADD CONSTRAINT auth_group_permissions_group_id_permission_id_0cd325b0_uniq UNIQUE (group_id, permission_id);


--
-- Name: auth_group_permissions auth_group_permissions_pkey; Type: CONSTRAINT; Schema: public; Owner: postgres
--

ALTER TABLE ONLY public.auth_group_permissions
    ADD CONSTRAINT auth_group_permissions_pkey PRIMARY KEY (id);


--
-- Name: auth_group auth_group_pkey; Type: CONSTRAINT; Schema: public; Owner: postgres
--

ALTER TABLE ONLY public.auth_group
    ADD CONSTRAINT auth_group_pkey PRIMARY KEY (id);


--
-- Name: auth_permission auth_permission_content_type_id_codename_01ab375a_uniq; Type: CONSTRAINT; Schema: public; Owner: postgres
--

ALTER TABLE ONLY public.auth_permission
    ADD CONSTRAINT auth_permission_content_type_id_codename_01ab375a_uniq UNIQUE (content_type_id, codename);


--
-- Name: auth_permission auth_permission_pkey; Type: CONSTRAINT; Schema: public; Owner: postgres
--

ALTER TABLE ONLY public.auth_permission
    ADD CONSTRAINT auth_permission_pkey PRIMARY KEY (id);


--
-- Name: auth_user_groups auth_user_groups_pkey; Type: CONSTRAINT; Schema: public; Owner: postgres
--

ALTER TABLE ONLY public.auth_user_groups
    ADD CONSTRAINT auth_user_groups_pkey PRIMARY KEY (id);


--
-- Name: auth_user_groups auth_user_groups_user_id_group_id_94350c0c_uniq; Type: CONSTRAINT; Schema: public; Owner: postgres
--

ALTER TABLE ONLY public.auth_user_groups
    ADD CONSTRAINT auth_user_groups_user_id_group_id_94350c0c_uniq UNIQUE (user_id, group_id);


--
-- Name: auth_user auth_user_pkey; Type: CONSTRAINT; Schema: public; Owner: postgres
--

ALTER TABLE ONLY public.auth_user
    ADD CONSTRAINT auth_user_pkey PRIMARY KEY (id);


--
-- Name: auth_user_user_permissions auth_user_user_permissions_pkey; Type: CONSTRAINT; Schema: public; Owner: postgres
--

ALTER TABLE ONLY public.auth_user_user_permissions
    ADD CONSTRAINT auth_user_user_permissions_pkey PRIMARY KEY (id);


--
-- Name: auth_user_user_permissions auth_user_user_permissions_user_id_permission_id_14a6b632_uniq; Type: CONSTRAINT; Schema: public; Owner: postgres
--

ALTER TABLE ONLY public.auth_user_user_permissions
    ADD CONSTRAINT auth_user_user_permissions_user_id_permission_id_14a6b632_uniq UNIQUE (user_id, permission_id);


--
-- Name: auth_user auth_user_username_key; Type: CONSTRAINT; Schema: public; Owner: postgres
--

ALTER TABLE ONLY public.auth_user
    ADD CONSTRAINT auth_user_username_key UNIQUE (username);


--
-- Name: campaigns_campaign campaigns_campaign_pkey; Type: CONSTRAINT; Schema: public; Owner: postgres
--

ALTER TABLE ONLY public.campaigns_campaign
    ADD CONSTRAINT campaigns_campaign_pkey PRIMARY KEY (id);


--
-- Name: campaigns_campaignmessagestep campaigns_campaignmessag_campaign_id_step_number_20de2a2e_uniq; Type: CONSTRAINT; Schema: public; Owner: postgres
--

ALTER TABLE ONLY public.campaigns_campaignmessagestep
    ADD CONSTRAINT campaigns_campaignmessag_campaign_id_step_number_20de2a2e_uniq UNIQUE (campaign_id, step_number);


--
-- Name: campaigns_campaignmessagestep campaigns_campaignmessagestep_pkey; Type: CONSTRAINT; Schema: public; Owner: postgres
--

ALTER TABLE ONLY public.campaigns_campaignmessagestep
    ADD CONSTRAINT campaigns_campaignmessagestep_pkey PRIMARY KEY (id);


--
-- Name: campaigns_emaillog campaigns_emaillog_pkey; Type: CONSTRAINT; Schema: public; Owner: postgres
--

ALTER TABLE ONLY public.campaigns_emaillog
    ADD CONSTRAINT campaigns_emaillog_pkey PRIMARY KEY (id);


--
-- Name: crm_crmcompany crm_crmcompany_pkey; Type: CONSTRAINT; Schema: public; Owner: postgres
--

ALTER TABLE ONLY public.crm_crmcompany
    ADD CONSTRAINT crm_crmcompany_pkey PRIMARY KEY (id);


--
-- Name: crm_crmcontact crm_crmcontact_pkey; Type: CONSTRAINT; Schema: public; Owner: postgres
--

ALTER TABLE ONLY public.crm_crmcontact
    ADD CONSTRAINT crm_crmcontact_pkey PRIMARY KEY (id);


--
-- Name: crm_crmdeal crm_crmdeal_pkey; Type: CONSTRAINT; Schema: public; Owner: postgres
--

ALTER TABLE ONLY public.crm_crmdeal
    ADD CONSTRAINT crm_crmdeal_pkey PRIMARY KEY (id);


--
-- Name: crm_crmquote crm_crmquote_pkey; Type: CONSTRAINT; Schema: public; Owner: postgres
--

ALTER TABLE ONLY public.crm_crmquote
    ADD CONSTRAINT crm_crmquote_pkey PRIMARY KEY (id);


--
-- Name: crm_crmquote crm_crmquote_quote_number_key; Type: CONSTRAINT; Schema: public; Owner: postgres
--

ALTER TABLE ONLY public.crm_crmquote
    ADD CONSTRAINT crm_crmquote_quote_number_key UNIQUE (quote_number);


--
-- Name: crm_crmquoteitem crm_crmquoteitem_pkey; Type: CONSTRAINT; Schema: public; Owner: postgres
--

ALTER TABLE ONLY public.crm_crmquoteitem
    ADD CONSTRAINT crm_crmquoteitem_pkey PRIMARY KEY (id);


--
-- Name: crm_crmtask crm_crmtask_pkey; Type: CONSTRAINT; Schema: public; Owner: postgres
--

ALTER TABLE ONLY public.crm_crmtask
    ADD CONSTRAINT crm_crmtask_pkey PRIMARY KEY (id);


--
-- Name: django_admin_log django_admin_log_pkey; Type: CONSTRAINT; Schema: public; Owner: postgres
--

ALTER TABLE ONLY public.django_admin_log
    ADD CONSTRAINT django_admin_log_pkey PRIMARY KEY (id);


--
-- Name: django_celery_beat_clockedschedule django_celery_beat_clockedschedule_pkey; Type: CONSTRAINT; Schema: public; Owner: postgres
--

ALTER TABLE ONLY public.django_celery_beat_clockedschedule
    ADD CONSTRAINT django_celery_beat_clockedschedule_pkey PRIMARY KEY (id);


--
-- Name: django_celery_beat_crontabschedule django_celery_beat_crontabschedule_pkey; Type: CONSTRAINT; Schema: public; Owner: postgres
--

ALTER TABLE ONLY public.django_celery_beat_crontabschedule
    ADD CONSTRAINT django_celery_beat_crontabschedule_pkey PRIMARY KEY (id);


--
-- Name: django_celery_beat_intervalschedule django_celery_beat_intervalschedule_pkey; Type: CONSTRAINT; Schema: public; Owner: postgres
--

ALTER TABLE ONLY public.django_celery_beat_intervalschedule
    ADD CONSTRAINT django_celery_beat_intervalschedule_pkey PRIMARY KEY (id);


--
-- Name: django_celery_beat_periodictask django_celery_beat_periodictask_name_key; Type: CONSTRAINT; Schema: public; Owner: postgres
--

ALTER TABLE ONLY public.django_celery_beat_periodictask
    ADD CONSTRAINT django_celery_beat_periodictask_name_key UNIQUE (name);


--
-- Name: django_celery_beat_periodictask django_celery_beat_periodictask_pkey; Type: CONSTRAINT; Schema: public; Owner: postgres
--

ALTER TABLE ONLY public.django_celery_beat_periodictask
    ADD CONSTRAINT django_celery_beat_periodictask_pkey PRIMARY KEY (id);


--
-- Name: django_celery_beat_periodictasks django_celery_beat_periodictasks_pkey; Type: CONSTRAINT; Schema: public; Owner: postgres
--

ALTER TABLE ONLY public.django_celery_beat_periodictasks
    ADD CONSTRAINT django_celery_beat_periodictasks_pkey PRIMARY KEY (ident);


--
-- Name: django_celery_beat_solarschedule django_celery_beat_solar_event_latitude_longitude_ba64999a_uniq; Type: CONSTRAINT; Schema: public; Owner: postgres
--

ALTER TABLE ONLY public.django_celery_beat_solarschedule
    ADD CONSTRAINT django_celery_beat_solar_event_latitude_longitude_ba64999a_uniq UNIQUE (event, latitude, longitude);


--
-- Name: django_celery_beat_solarschedule django_celery_beat_solarschedule_pkey; Type: CONSTRAINT; Schema: public; Owner: postgres
--

ALTER TABLE ONLY public.django_celery_beat_solarschedule
    ADD CONSTRAINT django_celery_beat_solarschedule_pkey PRIMARY KEY (id);


--
-- Name: django_celery_results_chordcounter django_celery_results_chordcounter_group_id_key; Type: CONSTRAINT; Schema: public; Owner: postgres
--

ALTER TABLE ONLY public.django_celery_results_chordcounter
    ADD CONSTRAINT django_celery_results_chordcounter_group_id_key UNIQUE (group_id);


--
-- Name: django_celery_results_chordcounter django_celery_results_chordcounter_pkey; Type: CONSTRAINT; Schema: public; Owner: postgres
--

ALTER TABLE ONLY public.django_celery_results_chordcounter
    ADD CONSTRAINT django_celery_results_chordcounter_pkey PRIMARY KEY (id);


--
-- Name: django_celery_results_groupresult django_celery_results_groupresult_group_id_key; Type: CONSTRAINT; Schema: public; Owner: postgres
--

ALTER TABLE ONLY public.django_celery_results_groupresult
    ADD CONSTRAINT django_celery_results_groupresult_group_id_key UNIQUE (group_id);


--
-- Name: django_celery_results_groupresult django_celery_results_groupresult_pkey; Type: CONSTRAINT; Schema: public; Owner: postgres
--

ALTER TABLE ONLY public.django_celery_results_groupresult
    ADD CONSTRAINT django_celery_results_groupresult_pkey PRIMARY KEY (id);


--
-- Name: django_celery_results_taskresult django_celery_results_taskresult_pkey; Type: CONSTRAINT; Schema: public; Owner: postgres
--

ALTER TABLE ONLY public.django_celery_results_taskresult
    ADD CONSTRAINT django_celery_results_taskresult_pkey PRIMARY KEY (id);


--
-- Name: django_celery_results_taskresult django_celery_results_taskresult_task_id_key; Type: CONSTRAINT; Schema: public; Owner: postgres
--

ALTER TABLE ONLY public.django_celery_results_taskresult
    ADD CONSTRAINT django_celery_results_taskresult_task_id_key UNIQUE (task_id);


--
-- Name: django_content_type django_content_type_app_label_model_76bd3d3b_uniq; Type: CONSTRAINT; Schema: public; Owner: postgres
--

ALTER TABLE ONLY public.django_content_type
    ADD CONSTRAINT django_content_type_app_label_model_76bd3d3b_uniq UNIQUE (app_label, model);


--
-- Name: django_content_type django_content_type_pkey; Type: CONSTRAINT; Schema: public; Owner: postgres
--

ALTER TABLE ONLY public.django_content_type
    ADD CONSTRAINT django_content_type_pkey PRIMARY KEY (id);


--
-- Name: django_migrations django_migrations_pkey; Type: CONSTRAINT; Schema: public; Owner: postgres
--

ALTER TABLE ONLY public.django_migrations
    ADD CONSTRAINT django_migrations_pkey PRIMARY KEY (id);


--
-- Name: django_session django_session_pkey; Type: CONSTRAINT; Schema: public; Owner: postgres
--

ALTER TABLE ONLY public.django_session
    ADD CONSTRAINT django_session_pkey PRIMARY KEY (session_key);


--
-- Name: payments_companysettings payments_companysettings_pkey; Type: CONSTRAINT; Schema: public; Owner: postgres
--

ALTER TABLE ONLY public.payments_companysettings
    ADD CONSTRAINT payments_companysettings_pkey PRIMARY KEY (id);


--
-- Name: payments_expense payments_expense_pkey; Type: CONSTRAINT; Schema: public; Owner: postgres
--

ALTER TABLE ONLY public.payments_expense
    ADD CONSTRAINT payments_expense_pkey PRIMARY KEY (id);


--
-- Name: payments_invoice payments_invoice_invoice_number_key; Type: CONSTRAINT; Schema: public; Owner: postgres
--

ALTER TABLE ONLY public.payments_invoice
    ADD CONSTRAINT payments_invoice_invoice_number_key UNIQUE (invoice_number);


--
-- Name: payments_invoice payments_invoice_payment_id_key; Type: CONSTRAINT; Schema: public; Owner: postgres
--

ALTER TABLE ONLY public.payments_invoice
    ADD CONSTRAINT payments_invoice_payment_id_key UNIQUE (payment_id);


--
-- Name: payments_invoice payments_invoice_pkey; Type: CONSTRAINT; Schema: public; Owner: postgres
--

ALTER TABLE ONLY public.payments_invoice
    ADD CONSTRAINT payments_invoice_pkey PRIMARY KEY (id);


--
-- Name: payments_invoice payments_invoice_token_key; Type: CONSTRAINT; Schema: public; Owner: postgres
--

ALTER TABLE ONLY public.payments_invoice
    ADD CONSTRAINT payments_invoice_token_key UNIQUE (token);


--
-- Name: payments_payment payments_payment_pkey; Type: CONSTRAINT; Schema: public; Owner: postgres
--

ALTER TABLE ONLY public.payments_payment
    ADD CONSTRAINT payments_payment_pkey PRIMARY KEY (id);


--
-- Name: payments_salesinvoice payments_salesinvoice_invoice_number_key; Type: CONSTRAINT; Schema: public; Owner: postgres
--

ALTER TABLE ONLY public.payments_salesinvoice
    ADD CONSTRAINT payments_salesinvoice_invoice_number_key UNIQUE (invoice_number);


--
-- Name: payments_salesinvoice payments_salesinvoice_pkey; Type: CONSTRAINT; Schema: public; Owner: postgres
--

ALTER TABLE ONLY public.payments_salesinvoice
    ADD CONSTRAINT payments_salesinvoice_pkey PRIMARY KEY (id);


--
-- Name: payments_salesinvoice payments_salesinvoice_token_key; Type: CONSTRAINT; Schema: public; Owner: postgres
--

ALTER TABLE ONLY public.payments_salesinvoice
    ADD CONSTRAINT payments_salesinvoice_token_key UNIQUE (token);


--
-- Name: payments_salesinvoiceitem payments_salesinvoiceitem_pkey; Type: CONSTRAINT; Schema: public; Owner: postgres
--

ALTER TABLE ONLY public.payments_salesinvoiceitem
    ADD CONSTRAINT payments_salesinvoiceitem_pkey PRIMARY KEY (id);


--
-- Name: payments_stripepayout payments_stripepayout_payout_id_key; Type: CONSTRAINT; Schema: public; Owner: postgres
--

ALTER TABLE ONLY public.payments_stripepayout
    ADD CONSTRAINT payments_stripepayout_payout_id_key UNIQUE (payout_id);


--
-- Name: payments_stripepayout payments_stripepayout_pkey; Type: CONSTRAINT; Schema: public; Owner: postgres
--

ALTER TABLE ONLY public.payments_stripepayout
    ADD CONSTRAINT payments_stripepayout_pkey PRIMARY KEY (id);


--
-- Name: payments_stripewebhookevent payments_stripewebhookevent_event_id_key; Type: CONSTRAINT; Schema: public; Owner: postgres
--

ALTER TABLE ONLY public.payments_stripewebhookevent
    ADD CONSTRAINT payments_stripewebhookevent_event_id_key UNIQUE (event_id);


--
-- Name: payments_stripewebhookevent payments_stripewebhookevent_pkey; Type: CONSTRAINT; Schema: public; Owner: postgres
--

ALTER TABLE ONLY public.payments_stripewebhookevent
    ADD CONSTRAINT payments_stripewebhookevent_pkey PRIMARY KEY (id);


--
-- Name: platform_core_modulecatalog platform_core_modulecatalog_code_key; Type: CONSTRAINT; Schema: public; Owner: postgres
--

ALTER TABLE ONLY public.platform_core_modulecatalog
    ADD CONSTRAINT platform_core_modulecatalog_code_key UNIQUE (code);


--
-- Name: platform_core_modulecatalog platform_core_modulecatalog_pkey; Type: CONSTRAINT; Schema: public; Owner: postgres
--

ALTER TABLE ONLY public.platform_core_modulecatalog
    ADD CONSTRAINT platform_core_modulecatalog_pkey PRIMARY KEY (id);


--
-- Name: platform_core_platformauditlog platform_core_platformauditlog_pkey; Type: CONSTRAINT; Schema: public; Owner: postgres
--

ALTER TABLE ONLY public.platform_core_platformauditlog
    ADD CONSTRAINT platform_core_platformauditlog_pkey PRIMARY KEY (id);


--
-- Name: platform_core_tenant platform_core_tenant_pkey; Type: CONSTRAINT; Schema: public; Owner: postgres
--

ALTER TABLE ONLY public.platform_core_tenant
    ADD CONSTRAINT platform_core_tenant_pkey PRIMARY KEY (id);


--
-- Name: platform_core_tenant platform_core_tenant_slug_key; Type: CONSTRAINT; Schema: public; Owner: postgres
--

ALTER TABLE ONLY public.platform_core_tenant
    ADD CONSTRAINT platform_core_tenant_slug_key UNIQUE (slug);


--
-- Name: platform_core_tenantmembership platform_core_tenantmembership_pkey; Type: CONSTRAINT; Schema: public; Owner: postgres
--

ALTER TABLE ONLY public.platform_core_tenantmembership
    ADD CONSTRAINT platform_core_tenantmembership_pkey PRIMARY KEY (id);


--
-- Name: platform_core_tenantmembership platform_core_tenantmembership_tenant_id_user_id_cbdbc01b_uniq; Type: CONSTRAINT; Schema: public; Owner: postgres
--

ALTER TABLE ONLY public.platform_core_tenantmembership
    ADD CONSTRAINT platform_core_tenantmembership_tenant_id_user_id_cbdbc01b_uniq UNIQUE (tenant_id, user_id);


--
-- Name: platform_core_tenantrole platform_core_tenantrole_pkey; Type: CONSTRAINT; Schema: public; Owner: postgres
--

ALTER TABLE ONLY public.platform_core_tenantrole
    ADD CONSTRAINT platform_core_tenantrole_pkey PRIMARY KEY (id);


--
-- Name: platform_core_tenantrole platform_core_tenantrole_tenant_id_name_5ec77313_uniq; Type: CONSTRAINT; Schema: public; Owner: postgres
--

ALTER TABLE ONLY public.platform_core_tenantrole
    ADD CONSTRAINT platform_core_tenantrole_tenant_id_name_5ec77313_uniq UNIQUE (tenant_id, name);


--
-- Name: recipients_mailinglist recipients_mailinglist_pkey; Type: CONSTRAINT; Schema: public; Owner: postgres
--

ALTER TABLE ONLY public.recipients_mailinglist
    ADD CONSTRAINT recipients_mailinglist_pkey PRIMARY KEY (id);


--
-- Name: recipients_recipient recipients_recipient_mailing_list_id_email_66c29b3e_uniq; Type: CONSTRAINT; Schema: public; Owner: postgres
--

ALTER TABLE ONLY public.recipients_recipient
    ADD CONSTRAINT recipients_recipient_mailing_list_id_email_66c29b3e_uniq UNIQUE (mailing_list_id, email);


--
-- Name: recipients_recipient recipients_recipient_pkey; Type: CONSTRAINT; Schema: public; Owner: postgres
--

ALTER TABLE ONLY public.recipients_recipient
    ADD CONSTRAINT recipients_recipient_pkey PRIMARY KEY (id);


--
-- Name: recipients_unsubscribelist recipients_unsubscribelist_email_key; Type: CONSTRAINT; Schema: public; Owner: postgres
--

ALTER TABLE ONLY public.recipients_unsubscribelist
    ADD CONSTRAINT recipients_unsubscribelist_email_key UNIQUE (email);


--
-- Name: recipients_unsubscribelist recipients_unsubscribelist_pkey; Type: CONSTRAINT; Schema: public; Owner: postgres
--

ALTER TABLE ONLY public.recipients_unsubscribelist
    ADD CONSTRAINT recipients_unsubscribelist_pkey PRIMARY KEY (id);


--
-- Name: recipients_uploadbatch recipients_uploadbatch_pkey; Type: CONSTRAINT; Schema: public; Owner: postgres
--

ALTER TABLE ONLY public.recipients_uploadbatch
    ADD CONSTRAINT recipients_uploadbatch_pkey PRIMARY KEY (id);


--
-- Name: templates_mgr_bankpaymentpage templates_mgr_bankpaymentpage_code_key; Type: CONSTRAINT; Schema: public; Owner: postgres
--

ALTER TABLE ONLY public.templates_mgr_bankpaymentpage
    ADD CONSTRAINT templates_mgr_bankpaymentpage_code_key UNIQUE (code);


--
-- Name: templates_mgr_bankpaymentpage templates_mgr_bankpaymentpage_pkey; Type: CONSTRAINT; Schema: public; Owner: postgres
--

ALTER TABLE ONLY public.templates_mgr_bankpaymentpage
    ADD CONSTRAINT templates_mgr_bankpaymentpage_pkey PRIMARY KEY (id);


--
-- Name: templates_mgr_emailtemplate templates_mgr_emailtemplate_pkey; Type: CONSTRAINT; Schema: public; Owner: postgres
--

ALTER TABLE ONLY public.templates_mgr_emailtemplate
    ADD CONSTRAINT templates_mgr_emailtemplate_pkey PRIMARY KEY (id);


--
-- Name: accounting_customer_email_dc3221fd; Type: INDEX; Schema: public; Owner: postgres
--

CREATE INDEX accounting_customer_email_dc3221fd ON public.accounting_customer USING btree (email);


--
-- Name: accounting_customer_email_dc3221fd_like; Type: INDEX; Schema: public; Owner: postgres
--

CREATE INDEX accounting_customer_email_dc3221fd_like ON public.accounting_customer USING btree (email varchar_pattern_ops);


--
-- Name: accounts_auditlog_user_id_1dfbca79; Type: INDEX; Schema: public; Owner: postgres
--

CREATE INDEX accounts_auditlog_user_id_1dfbca79 ON public.accounts_auditlog USING btree (user_id);


--
-- Name: auth_group_name_a6ea08ec_like; Type: INDEX; Schema: public; Owner: postgres
--

CREATE INDEX auth_group_name_a6ea08ec_like ON public.auth_group USING btree (name varchar_pattern_ops);


--
-- Name: auth_group_permissions_group_id_b120cbf9; Type: INDEX; Schema: public; Owner: postgres
--

CREATE INDEX auth_group_permissions_group_id_b120cbf9 ON public.auth_group_permissions USING btree (group_id);


--
-- Name: auth_group_permissions_permission_id_84c5c92e; Type: INDEX; Schema: public; Owner: postgres
--

CREATE INDEX auth_group_permissions_permission_id_84c5c92e ON public.auth_group_permissions USING btree (permission_id);


--
-- Name: auth_permission_content_type_id_2f476e4b; Type: INDEX; Schema: public; Owner: postgres
--

CREATE INDEX auth_permission_content_type_id_2f476e4b ON public.auth_permission USING btree (content_type_id);


--
-- Name: auth_user_groups_group_id_97559544; Type: INDEX; Schema: public; Owner: postgres
--

CREATE INDEX auth_user_groups_group_id_97559544 ON public.auth_user_groups USING btree (group_id);


--
-- Name: auth_user_groups_user_id_6a12ed8b; Type: INDEX; Schema: public; Owner: postgres
--

CREATE INDEX auth_user_groups_user_id_6a12ed8b ON public.auth_user_groups USING btree (user_id);


--
-- Name: auth_user_user_permissions_permission_id_1fbb5f2c; Type: INDEX; Schema: public; Owner: postgres
--

CREATE INDEX auth_user_user_permissions_permission_id_1fbb5f2c ON public.auth_user_user_permissions USING btree (permission_id);


--
-- Name: auth_user_user_permissions_user_id_a95ead1b; Type: INDEX; Schema: public; Owner: postgres
--

CREATE INDEX auth_user_user_permissions_user_id_a95ead1b ON public.auth_user_user_permissions USING btree (user_id);


--
-- Name: auth_user_username_6821ab7c_like; Type: INDEX; Schema: public; Owner: postgres
--

CREATE INDEX auth_user_username_6821ab7c_like ON public.auth_user USING btree (username varchar_pattern_ops);


--
-- Name: campaigns_campaign_mailing_list_id_606e1148; Type: INDEX; Schema: public; Owner: postgres
--

CREATE INDEX campaigns_campaign_mailing_list_id_606e1148 ON public.campaigns_campaign USING btree (mailing_list_id);


--
-- Name: campaigns_campaign_owner_id_704fc6fd; Type: INDEX; Schema: public; Owner: postgres
--

CREATE INDEX campaigns_campaign_owner_id_704fc6fd ON public.campaigns_campaign USING btree (owner_id);


--
-- Name: campaigns_campaign_template_id_d52ddd2a; Type: INDEX; Schema: public; Owner: postgres
--

CREATE INDEX campaigns_campaign_template_id_d52ddd2a ON public.campaigns_campaign USING btree (template_id);


--
-- Name: campaigns_campaignmessagestep_campaign_id_3171fc20; Type: INDEX; Schema: public; Owner: postgres
--

CREATE INDEX campaigns_campaignmessagestep_campaign_id_3171fc20 ON public.campaigns_campaignmessagestep USING btree (campaign_id);


--
-- Name: campaigns_emaillog_campaign_id_1ecbcb3c; Type: INDEX; Schema: public; Owner: postgres
--

CREATE INDEX campaigns_emaillog_campaign_id_1ecbcb3c ON public.campaigns_emaillog USING btree (campaign_id);


--
-- Name: campaigns_emaillog_message_step_id_bc16a325; Type: INDEX; Schema: public; Owner: postgres
--

CREATE INDEX campaigns_emaillog_message_step_id_bc16a325 ON public.campaigns_emaillog USING btree (message_step_id);


--
-- Name: campaigns_emaillog_recipient_id_bec1ab0b; Type: INDEX; Schema: public; Owner: postgres
--

CREATE INDEX campaigns_emaillog_recipient_id_bec1ab0b ON public.campaigns_emaillog USING btree (recipient_id);


--
-- Name: crm_crmcompany_owner_id_97b4e4e9; Type: INDEX; Schema: public; Owner: postgres
--

CREATE INDEX crm_crmcompany_owner_id_97b4e4e9 ON public.crm_crmcompany USING btree (owner_id);


--
-- Name: crm_crmcompany_tenant_id_4dcac160; Type: INDEX; Schema: public; Owner: postgres
--

CREATE INDEX crm_crmcompany_tenant_id_4dcac160 ON public.crm_crmcompany USING btree (tenant_id);


--
-- Name: crm_crmcontact_company_id_7123df39; Type: INDEX; Schema: public; Owner: postgres
--

CREATE INDEX crm_crmcontact_company_id_7123df39 ON public.crm_crmcontact USING btree (company_id);


--
-- Name: crm_crmcontact_owner_id_6811e68d; Type: INDEX; Schema: public; Owner: postgres
--

CREATE INDEX crm_crmcontact_owner_id_6811e68d ON public.crm_crmcontact USING btree (owner_id);


--
-- Name: crm_crmcontact_tenant_id_50e77df7; Type: INDEX; Schema: public; Owner: postgres
--

CREATE INDEX crm_crmcontact_tenant_id_50e77df7 ON public.crm_crmcontact USING btree (tenant_id);


--
-- Name: crm_crmdeal_company_id_11e19286; Type: INDEX; Schema: public; Owner: postgres
--

CREATE INDEX crm_crmdeal_company_id_11e19286 ON public.crm_crmdeal USING btree (company_id);


--
-- Name: crm_crmdeal_contact_id_a5dddaa5; Type: INDEX; Schema: public; Owner: postgres
--

CREATE INDEX crm_crmdeal_contact_id_a5dddaa5 ON public.crm_crmdeal USING btree (contact_id);


--
-- Name: crm_crmdeal_owner_id_505fcbf9; Type: INDEX; Schema: public; Owner: postgres
--

CREATE INDEX crm_crmdeal_owner_id_505fcbf9 ON public.crm_crmdeal USING btree (owner_id);


--
-- Name: crm_crmdeal_tenant_id_896a05c6; Type: INDEX; Schema: public; Owner: postgres
--

CREATE INDEX crm_crmdeal_tenant_id_896a05c6 ON public.crm_crmdeal USING btree (tenant_id);


--
-- Name: crm_crmquote_company_id_3403f861; Type: INDEX; Schema: public; Owner: postgres
--

CREATE INDEX crm_crmquote_company_id_3403f861 ON public.crm_crmquote USING btree (company_id);


--
-- Name: crm_crmquote_contact_id_4dc8fe10; Type: INDEX; Schema: public; Owner: postgres
--

CREATE INDEX crm_crmquote_contact_id_4dc8fe10 ON public.crm_crmquote USING btree (contact_id);


--
-- Name: crm_crmquote_deal_id_f95fb0fc; Type: INDEX; Schema: public; Owner: postgres
--

CREATE INDEX crm_crmquote_deal_id_f95fb0fc ON public.crm_crmquote USING btree (deal_id);


--
-- Name: crm_crmquote_owner_id_1606c3c2; Type: INDEX; Schema: public; Owner: postgres
--

CREATE INDEX crm_crmquote_owner_id_1606c3c2 ON public.crm_crmquote USING btree (owner_id);


--
-- Name: crm_crmquote_quote_number_88ca2f71_like; Type: INDEX; Schema: public; Owner: postgres
--

CREATE INDEX crm_crmquote_quote_number_88ca2f71_like ON public.crm_crmquote USING btree (quote_number varchar_pattern_ops);


--
-- Name: crm_crmquote_tenant_id_22bfeddd; Type: INDEX; Schema: public; Owner: postgres
--

CREATE INDEX crm_crmquote_tenant_id_22bfeddd ON public.crm_crmquote USING btree (tenant_id);


--
-- Name: crm_crmquoteitem_quote_id_7b4f9f7e; Type: INDEX; Schema: public; Owner: postgres
--

CREATE INDEX crm_crmquoteitem_quote_id_7b4f9f7e ON public.crm_crmquoteitem USING btree (quote_id);


--
-- Name: crm_crmtask_assigned_to_id_7e685e95; Type: INDEX; Schema: public; Owner: postgres
--

CREATE INDEX crm_crmtask_assigned_to_id_7e685e95 ON public.crm_crmtask USING btree (assigned_to_id);


--
-- Name: crm_crmtask_company_id_728e5bc6; Type: INDEX; Schema: public; Owner: postgres
--

CREATE INDEX crm_crmtask_company_id_728e5bc6 ON public.crm_crmtask USING btree (company_id);


--
-- Name: crm_crmtask_contact_id_b2bbdd69; Type: INDEX; Schema: public; Owner: postgres
--

CREATE INDEX crm_crmtask_contact_id_b2bbdd69 ON public.crm_crmtask USING btree (contact_id);


--
-- Name: crm_crmtask_deal_id_7b90a6c5; Type: INDEX; Schema: public; Owner: postgres
--

CREATE INDEX crm_crmtask_deal_id_7b90a6c5 ON public.crm_crmtask USING btree (deal_id);


--
-- Name: crm_crmtask_tenant_id_7a260a3c; Type: INDEX; Schema: public; Owner: postgres
--

CREATE INDEX crm_crmtask_tenant_id_7a260a3c ON public.crm_crmtask USING btree (tenant_id);


--
-- Name: django_admin_log_content_type_id_c4bce8eb; Type: INDEX; Schema: public; Owner: postgres
--

CREATE INDEX django_admin_log_content_type_id_c4bce8eb ON public.django_admin_log USING btree (content_type_id);


--
-- Name: django_admin_log_user_id_c564eba6; Type: INDEX; Schema: public; Owner: postgres
--

CREATE INDEX django_admin_log_user_id_c564eba6 ON public.django_admin_log USING btree (user_id);


--
-- Name: django_cele_date_cr_bd6c1d_idx; Type: INDEX; Schema: public; Owner: postgres
--

CREATE INDEX django_cele_date_cr_bd6c1d_idx ON public.django_celery_results_groupresult USING btree (date_created);


--
-- Name: django_cele_date_cr_f04a50_idx; Type: INDEX; Schema: public; Owner: postgres
--

CREATE INDEX django_cele_date_cr_f04a50_idx ON public.django_celery_results_taskresult USING btree (date_created);


--
-- Name: django_cele_date_do_caae0e_idx; Type: INDEX; Schema: public; Owner: postgres
--

CREATE INDEX django_cele_date_do_caae0e_idx ON public.django_celery_results_groupresult USING btree (date_done);


--
-- Name: django_cele_date_do_f59aad_idx; Type: INDEX; Schema: public; Owner: postgres
--

CREATE INDEX django_cele_date_do_f59aad_idx ON public.django_celery_results_taskresult USING btree (date_done);


--
-- Name: django_cele_status_9b6201_idx; Type: INDEX; Schema: public; Owner: postgres
--

CREATE INDEX django_cele_status_9b6201_idx ON public.django_celery_results_taskresult USING btree (status);


--
-- Name: django_cele_task_na_08aec9_idx; Type: INDEX; Schema: public; Owner: postgres
--

CREATE INDEX django_cele_task_na_08aec9_idx ON public.django_celery_results_taskresult USING btree (task_name);


--
-- Name: django_cele_worker_d54dd8_idx; Type: INDEX; Schema: public; Owner: postgres
--

CREATE INDEX django_cele_worker_d54dd8_idx ON public.django_celery_results_taskresult USING btree (worker);


--
-- Name: django_celery_beat_periodictask_clocked_id_47a69f82; Type: INDEX; Schema: public; Owner: postgres
--

CREATE INDEX django_celery_beat_periodictask_clocked_id_47a69f82 ON public.django_celery_beat_periodictask USING btree (clocked_id);


--
-- Name: django_celery_beat_periodictask_crontab_id_d3cba168; Type: INDEX; Schema: public; Owner: postgres
--

CREATE INDEX django_celery_beat_periodictask_crontab_id_d3cba168 ON public.django_celery_beat_periodictask USING btree (crontab_id);


--
-- Name: django_celery_beat_periodictask_interval_id_a8ca27da; Type: INDEX; Schema: public; Owner: postgres
--

CREATE INDEX django_celery_beat_periodictask_interval_id_a8ca27da ON public.django_celery_beat_periodictask USING btree (interval_id);


--
-- Name: django_celery_beat_periodictask_name_265a36b7_like; Type: INDEX; Schema: public; Owner: postgres
--

CREATE INDEX django_celery_beat_periodictask_name_265a36b7_like ON public.django_celery_beat_periodictask USING btree (name varchar_pattern_ops);


--
-- Name: django_celery_beat_periodictask_solar_id_a87ce72c; Type: INDEX; Schema: public; Owner: postgres
--

CREATE INDEX django_celery_beat_periodictask_solar_id_a87ce72c ON public.django_celery_beat_periodictask USING btree (solar_id);


--
-- Name: django_celery_results_chordcounter_group_id_1f70858c_like; Type: INDEX; Schema: public; Owner: postgres
--

CREATE INDEX django_celery_results_chordcounter_group_id_1f70858c_like ON public.django_celery_results_chordcounter USING btree (group_id varchar_pattern_ops);


--
-- Name: django_celery_results_groupresult_group_id_a085f1a9_like; Type: INDEX; Schema: public; Owner: postgres
--

CREATE INDEX django_celery_results_groupresult_group_id_a085f1a9_like ON public.django_celery_results_groupresult USING btree (group_id varchar_pattern_ops);


--
-- Name: django_celery_results_taskresult_task_id_de0d95bf_like; Type: INDEX; Schema: public; Owner: postgres
--

CREATE INDEX django_celery_results_taskresult_task_id_de0d95bf_like ON public.django_celery_results_taskresult USING btree (task_id varchar_pattern_ops);


--
-- Name: django_session_expire_date_a5c62663; Type: INDEX; Schema: public; Owner: postgres
--

CREATE INDEX django_session_expire_date_a5c62663 ON public.django_session USING btree (expire_date);


--
-- Name: django_session_session_key_c0390e0f_like; Type: INDEX; Schema: public; Owner: postgres
--

CREATE INDEX django_session_session_key_c0390e0f_like ON public.django_session USING btree (session_key varchar_pattern_ops);


--
-- Name: payments_expense_tenant_id_0c962afe; Type: INDEX; Schema: public; Owner: postgres
--

CREATE INDEX payments_expense_tenant_id_0c962afe ON public.payments_expense USING btree (tenant_id);


--
-- Name: payments_invoice_invoice_number_b99f2d3f_like; Type: INDEX; Schema: public; Owner: postgres
--

CREATE INDEX payments_invoice_invoice_number_b99f2d3f_like ON public.payments_invoice USING btree (invoice_number varchar_pattern_ops);


--
-- Name: payments_invoice_tenant_id_427d965b; Type: INDEX; Schema: public; Owner: postgres
--

CREATE INDEX payments_invoice_tenant_id_427d965b ON public.payments_invoice USING btree (tenant_id);


--
-- Name: payments_payment_stripe_charge_id_cb3936ad; Type: INDEX; Schema: public; Owner: postgres
--

CREATE INDEX payments_payment_stripe_charge_id_cb3936ad ON public.payments_payment USING btree (stripe_charge_id);


--
-- Name: payments_payment_stripe_charge_id_cb3936ad_like; Type: INDEX; Schema: public; Owner: postgres
--

CREATE INDEX payments_payment_stripe_charge_id_cb3936ad_like ON public.payments_payment USING btree (stripe_charge_id varchar_pattern_ops);


--
-- Name: payments_payment_stripe_checkout_session_id_bae265a2; Type: INDEX; Schema: public; Owner: postgres
--

CREATE INDEX payments_payment_stripe_checkout_session_id_bae265a2 ON public.payments_payment USING btree (stripe_checkout_session_id);


--
-- Name: payments_payment_stripe_checkout_session_id_bae265a2_like; Type: INDEX; Schema: public; Owner: postgres
--

CREATE INDEX payments_payment_stripe_checkout_session_id_bae265a2_like ON public.payments_payment USING btree (stripe_checkout_session_id varchar_pattern_ops);


--
-- Name: payments_payment_stripe_payment_intent_id_481f9973; Type: INDEX; Schema: public; Owner: postgres
--

CREATE INDEX payments_payment_stripe_payment_intent_id_481f9973 ON public.payments_payment USING btree (stripe_payment_intent_id);


--
-- Name: payments_payment_stripe_payment_intent_id_481f9973_like; Type: INDEX; Schema: public; Owner: postgres
--

CREATE INDEX payments_payment_stripe_payment_intent_id_481f9973_like ON public.payments_payment USING btree (stripe_payment_intent_id varchar_pattern_ops);


--
-- Name: payments_payment_tenant_id_4a90fb63; Type: INDEX; Schema: public; Owner: postgres
--

CREATE INDEX payments_payment_tenant_id_4a90fb63 ON public.payments_payment USING btree (tenant_id);


--
-- Name: payments_salesinvoice_invoice_number_55de6af8_like; Type: INDEX; Schema: public; Owner: postgres
--

CREATE INDEX payments_salesinvoice_invoice_number_55de6af8_like ON public.payments_salesinvoice USING btree (invoice_number varchar_pattern_ops);


--
-- Name: payments_salesinvoice_tenant_id_35d8ca0a; Type: INDEX; Schema: public; Owner: postgres
--

CREATE INDEX payments_salesinvoice_tenant_id_35d8ca0a ON public.payments_salesinvoice USING btree (tenant_id);


--
-- Name: payments_salesinvoiceitem_invoice_id_aa75ac58; Type: INDEX; Schema: public; Owner: postgres
--

CREATE INDEX payments_salesinvoiceitem_invoice_id_aa75ac58 ON public.payments_salesinvoiceitem USING btree (invoice_id);


--
-- Name: payments_stripepayout_payout_id_a853289e_like; Type: INDEX; Schema: public; Owner: postgres
--

CREATE INDEX payments_stripepayout_payout_id_a853289e_like ON public.payments_stripepayout USING btree (payout_id varchar_pattern_ops);


--
-- Name: payments_stripewebhookevent_event_id_41e2dd69_like; Type: INDEX; Schema: public; Owner: postgres
--

CREATE INDEX payments_stripewebhookevent_event_id_41e2dd69_like ON public.payments_stripewebhookevent USING btree (event_id varchar_pattern_ops);


--
-- Name: platform_core_modulecatalog_code_23c1470e_like; Type: INDEX; Schema: public; Owner: postgres
--

CREATE INDEX platform_core_modulecatalog_code_23c1470e_like ON public.platform_core_modulecatalog USING btree (code varchar_pattern_ops);


--
-- Name: platform_core_platformauditlog_actor_id_d258d141; Type: INDEX; Schema: public; Owner: postgres
--

CREATE INDEX platform_core_platformauditlog_actor_id_d258d141 ON public.platform_core_platformauditlog USING btree (actor_id);


--
-- Name: platform_core_platformauditlog_tenant_id_a9d8dea3; Type: INDEX; Schema: public; Owner: postgres
--

CREATE INDEX platform_core_platformauditlog_tenant_id_a9d8dea3 ON public.platform_core_platformauditlog USING btree (tenant_id);


--
-- Name: platform_core_tenant_slug_7ce8ccb6_like; Type: INDEX; Schema: public; Owner: postgres
--

CREATE INDEX platform_core_tenant_slug_7ce8ccb6_like ON public.platform_core_tenant USING btree (slug varchar_pattern_ops);


--
-- Name: platform_core_tenantmembership_role_id_02640ca0; Type: INDEX; Schema: public; Owner: postgres
--

CREATE INDEX platform_core_tenantmembership_role_id_02640ca0 ON public.platform_core_tenantmembership USING btree (role_id);


--
-- Name: platform_core_tenantmembership_tenant_id_66d6b12d; Type: INDEX; Schema: public; Owner: postgres
--

CREATE INDEX platform_core_tenantmembership_tenant_id_66d6b12d ON public.platform_core_tenantmembership USING btree (tenant_id);


--
-- Name: platform_core_tenantmembership_user_id_ccd75c20; Type: INDEX; Schema: public; Owner: postgres
--

CREATE INDEX platform_core_tenantmembership_user_id_ccd75c20 ON public.platform_core_tenantmembership USING btree (user_id);


--
-- Name: platform_core_tenantrole_tenant_id_17ea19da; Type: INDEX; Schema: public; Owner: postgres
--

CREATE INDEX platform_core_tenantrole_tenant_id_17ea19da ON public.platform_core_tenantrole USING btree (tenant_id);


--
-- Name: recipients_mailinglist_owner_id_5d8237fc; Type: INDEX; Schema: public; Owner: postgres
--

CREATE INDEX recipients_mailinglist_owner_id_5d8237fc ON public.recipients_mailinglist USING btree (owner_id);


--
-- Name: recipients_recipient_mailing_list_id_4a30942b; Type: INDEX; Schema: public; Owner: postgres
--

CREATE INDEX recipients_recipient_mailing_list_id_4a30942b ON public.recipients_recipient USING btree (mailing_list_id);


--
-- Name: recipients_unsubscribelist_email_a9425fc0_like; Type: INDEX; Schema: public; Owner: postgres
--

CREATE INDEX recipients_unsubscribelist_email_a9425fc0_like ON public.recipients_unsubscribelist USING btree (email varchar_pattern_ops);


--
-- Name: recipients_uploadbatch_mailing_list_id_b104ea9f; Type: INDEX; Schema: public; Owner: postgres
--

CREATE INDEX recipients_uploadbatch_mailing_list_id_b104ea9f ON public.recipients_uploadbatch USING btree (mailing_list_id);


--
-- Name: templates_mgr_bankpaymentpage_code_7fef4b78_like; Type: INDEX; Schema: public; Owner: postgres
--

CREATE INDEX templates_mgr_bankpaymentpage_code_7fef4b78_like ON public.templates_mgr_bankpaymentpage USING btree (code varchar_pattern_ops);


--
-- Name: templates_mgr_bankpaymentpage_owner_id_7d4b8aef; Type: INDEX; Schema: public; Owner: postgres
--

CREATE INDEX templates_mgr_bankpaymentpage_owner_id_7d4b8aef ON public.templates_mgr_bankpaymentpage USING btree (owner_id);


--
-- Name: templates_mgr_emailtemplate_owner_id_2389540b; Type: INDEX; Schema: public; Owner: postgres
--

CREATE INDEX templates_mgr_emailtemplate_owner_id_2389540b ON public.templates_mgr_emailtemplate USING btree (owner_id);


--
-- Name: accounts_auditlog accounts_auditlog_user_id_1dfbca79_fk_auth_user_id; Type: FK CONSTRAINT; Schema: public; Owner: postgres
--

ALTER TABLE ONLY public.accounts_auditlog
    ADD CONSTRAINT accounts_auditlog_user_id_1dfbca79_fk_auth_user_id FOREIGN KEY (user_id) REFERENCES public.auth_user(id) DEFERRABLE INITIALLY DEFERRED;


--
-- Name: accounts_useremailjsconfig accounts_useremailjsconfig_user_id_d48ff31c_fk_auth_user_id; Type: FK CONSTRAINT; Schema: public; Owner: postgres
--

ALTER TABLE ONLY public.accounts_useremailjsconfig
    ADD CONSTRAINT accounts_useremailjsconfig_user_id_d48ff31c_fk_auth_user_id FOREIGN KEY (user_id) REFERENCES public.auth_user(id) DEFERRABLE INITIALLY DEFERRED;


--
-- Name: accounts_userprofile accounts_userprofile_user_id_92240672_fk_auth_user_id; Type: FK CONSTRAINT; Schema: public; Owner: postgres
--

ALTER TABLE ONLY public.accounts_userprofile
    ADD CONSTRAINT accounts_userprofile_user_id_92240672_fk_auth_user_id FOREIGN KEY (user_id) REFERENCES public.auth_user(id) DEFERRABLE INITIALLY DEFERRED;


--
-- Name: auth_group_permissions auth_group_permissio_permission_id_84c5c92e_fk_auth_perm; Type: FK CONSTRAINT; Schema: public; Owner: postgres
--

ALTER TABLE ONLY public.auth_group_permissions
    ADD CONSTRAINT auth_group_permissio_permission_id_84c5c92e_fk_auth_perm FOREIGN KEY (permission_id) REFERENCES public.auth_permission(id) DEFERRABLE INITIALLY DEFERRED;


--
-- Name: auth_group_permissions auth_group_permissions_group_id_b120cbf9_fk_auth_group_id; Type: FK CONSTRAINT; Schema: public; Owner: postgres
--

ALTER TABLE ONLY public.auth_group_permissions
    ADD CONSTRAINT auth_group_permissions_group_id_b120cbf9_fk_auth_group_id FOREIGN KEY (group_id) REFERENCES public.auth_group(id) DEFERRABLE INITIALLY DEFERRED;


--
-- Name: auth_permission auth_permission_content_type_id_2f476e4b_fk_django_co; Type: FK CONSTRAINT; Schema: public; Owner: postgres
--

ALTER TABLE ONLY public.auth_permission
    ADD CONSTRAINT auth_permission_content_type_id_2f476e4b_fk_django_co FOREIGN KEY (content_type_id) REFERENCES public.django_content_type(id) DEFERRABLE INITIALLY DEFERRED;


--
-- Name: auth_user_groups auth_user_groups_group_id_97559544_fk_auth_group_id; Type: FK CONSTRAINT; Schema: public; Owner: postgres
--

ALTER TABLE ONLY public.auth_user_groups
    ADD CONSTRAINT auth_user_groups_group_id_97559544_fk_auth_group_id FOREIGN KEY (group_id) REFERENCES public.auth_group(id) DEFERRABLE INITIALLY DEFERRED;


--
-- Name: auth_user_groups auth_user_groups_user_id_6a12ed8b_fk_auth_user_id; Type: FK CONSTRAINT; Schema: public; Owner: postgres
--

ALTER TABLE ONLY public.auth_user_groups
    ADD CONSTRAINT auth_user_groups_user_id_6a12ed8b_fk_auth_user_id FOREIGN KEY (user_id) REFERENCES public.auth_user(id) DEFERRABLE INITIALLY DEFERRED;


--
-- Name: auth_user_user_permissions auth_user_user_permi_permission_id_1fbb5f2c_fk_auth_perm; Type: FK CONSTRAINT; Schema: public; Owner: postgres
--

ALTER TABLE ONLY public.auth_user_user_permissions
    ADD CONSTRAINT auth_user_user_permi_permission_id_1fbb5f2c_fk_auth_perm FOREIGN KEY (permission_id) REFERENCES public.auth_permission(id) DEFERRABLE INITIALLY DEFERRED;


--
-- Name: auth_user_user_permissions auth_user_user_permissions_user_id_a95ead1b_fk_auth_user_id; Type: FK CONSTRAINT; Schema: public; Owner: postgres
--

ALTER TABLE ONLY public.auth_user_user_permissions
    ADD CONSTRAINT auth_user_user_permissions_user_id_a95ead1b_fk_auth_user_id FOREIGN KEY (user_id) REFERENCES public.auth_user(id) DEFERRABLE INITIALLY DEFERRED;


--
-- Name: campaigns_campaign campaigns_campaign_mailing_list_id_606e1148_fk_recipient; Type: FK CONSTRAINT; Schema: public; Owner: postgres
--

ALTER TABLE ONLY public.campaigns_campaign
    ADD CONSTRAINT campaigns_campaign_mailing_list_id_606e1148_fk_recipient FOREIGN KEY (mailing_list_id) REFERENCES public.recipients_mailinglist(id) DEFERRABLE INITIALLY DEFERRED;


--
-- Name: campaigns_campaign campaigns_campaign_owner_id_704fc6fd_fk_auth_user_id; Type: FK CONSTRAINT; Schema: public; Owner: postgres
--

ALTER TABLE ONLY public.campaigns_campaign
    ADD CONSTRAINT campaigns_campaign_owner_id_704fc6fd_fk_auth_user_id FOREIGN KEY (owner_id) REFERENCES public.auth_user(id) DEFERRABLE INITIALLY DEFERRED;


--
-- Name: campaigns_campaign campaigns_campaign_template_id_d52ddd2a_fk_templates; Type: FK CONSTRAINT; Schema: public; Owner: postgres
--

ALTER TABLE ONLY public.campaigns_campaign
    ADD CONSTRAINT campaigns_campaign_template_id_d52ddd2a_fk_templates FOREIGN KEY (template_id) REFERENCES public.templates_mgr_emailtemplate(id) DEFERRABLE INITIALLY DEFERRED;


--
-- Name: campaigns_campaignmessagestep campaigns_campaignme_campaign_id_3171fc20_fk_campaigns; Type: FK CONSTRAINT; Schema: public; Owner: postgres
--

ALTER TABLE ONLY public.campaigns_campaignmessagestep
    ADD CONSTRAINT campaigns_campaignme_campaign_id_3171fc20_fk_campaigns FOREIGN KEY (campaign_id) REFERENCES public.campaigns_campaign(id) DEFERRABLE INITIALLY DEFERRED;


--
-- Name: campaigns_emaillog campaigns_emaillog_campaign_id_1ecbcb3c_fk_campaigns; Type: FK CONSTRAINT; Schema: public; Owner: postgres
--

ALTER TABLE ONLY public.campaigns_emaillog
    ADD CONSTRAINT campaigns_emaillog_campaign_id_1ecbcb3c_fk_campaigns FOREIGN KEY (campaign_id) REFERENCES public.campaigns_campaign(id) DEFERRABLE INITIALLY DEFERRED;


--
-- Name: campaigns_emaillog campaigns_emaillog_message_step_id_bc16a325_fk_campaigns; Type: FK CONSTRAINT; Schema: public; Owner: postgres
--

ALTER TABLE ONLY public.campaigns_emaillog
    ADD CONSTRAINT campaigns_emaillog_message_step_id_bc16a325_fk_campaigns FOREIGN KEY (message_step_id) REFERENCES public.campaigns_campaignmessagestep(id) DEFERRABLE INITIALLY DEFERRED;


--
-- Name: campaigns_emaillog campaigns_emaillog_recipient_id_bec1ab0b_fk_recipient; Type: FK CONSTRAINT; Schema: public; Owner: postgres
--

ALTER TABLE ONLY public.campaigns_emaillog
    ADD CONSTRAINT campaigns_emaillog_recipient_id_bec1ab0b_fk_recipient FOREIGN KEY (recipient_id) REFERENCES public.recipients_recipient(id) DEFERRABLE INITIALLY DEFERRED;


--
-- Name: crm_crmcompany crm_crmcompany_owner_id_97b4e4e9_fk_auth_user_id; Type: FK CONSTRAINT; Schema: public; Owner: postgres
--

ALTER TABLE ONLY public.crm_crmcompany
    ADD CONSTRAINT crm_crmcompany_owner_id_97b4e4e9_fk_auth_user_id FOREIGN KEY (owner_id) REFERENCES public.auth_user(id) DEFERRABLE INITIALLY DEFERRED;


--
-- Name: crm_crmcompany crm_crmcompany_tenant_id_4dcac160_fk_platform_core_tenant_id; Type: FK CONSTRAINT; Schema: public; Owner: postgres
--

ALTER TABLE ONLY public.crm_crmcompany
    ADD CONSTRAINT crm_crmcompany_tenant_id_4dcac160_fk_platform_core_tenant_id FOREIGN KEY (tenant_id) REFERENCES public.platform_core_tenant(id) DEFERRABLE INITIALLY DEFERRED;


--
-- Name: crm_crmcontact crm_crmcontact_company_id_7123df39_fk_crm_crmcompany_id; Type: FK CONSTRAINT; Schema: public; Owner: postgres
--

ALTER TABLE ONLY public.crm_crmcontact
    ADD CONSTRAINT crm_crmcontact_company_id_7123df39_fk_crm_crmcompany_id FOREIGN KEY (company_id) REFERENCES public.crm_crmcompany(id) DEFERRABLE INITIALLY DEFERRED;


--
-- Name: crm_crmcontact crm_crmcontact_owner_id_6811e68d_fk_auth_user_id; Type: FK CONSTRAINT; Schema: public; Owner: postgres
--

ALTER TABLE ONLY public.crm_crmcontact
    ADD CONSTRAINT crm_crmcontact_owner_id_6811e68d_fk_auth_user_id FOREIGN KEY (owner_id) REFERENCES public.auth_user(id) DEFERRABLE INITIALLY DEFERRED;


--
-- Name: crm_crmcontact crm_crmcontact_tenant_id_50e77df7_fk_platform_core_tenant_id; Type: FK CONSTRAINT; Schema: public; Owner: postgres
--

ALTER TABLE ONLY public.crm_crmcontact
    ADD CONSTRAINT crm_crmcontact_tenant_id_50e77df7_fk_platform_core_tenant_id FOREIGN KEY (tenant_id) REFERENCES public.platform_core_tenant(id) DEFERRABLE INITIALLY DEFERRED;


--
-- Name: crm_crmdeal crm_crmdeal_company_id_11e19286_fk_crm_crmcompany_id; Type: FK CONSTRAINT; Schema: public; Owner: postgres
--

ALTER TABLE ONLY public.crm_crmdeal
    ADD CONSTRAINT crm_crmdeal_company_id_11e19286_fk_crm_crmcompany_id FOREIGN KEY (company_id) REFERENCES public.crm_crmcompany(id) DEFERRABLE INITIALLY DEFERRED;


--
-- Name: crm_crmdeal crm_crmdeal_contact_id_a5dddaa5_fk_crm_crmcontact_id; Type: FK CONSTRAINT; Schema: public; Owner: postgres
--

ALTER TABLE ONLY public.crm_crmdeal
    ADD CONSTRAINT crm_crmdeal_contact_id_a5dddaa5_fk_crm_crmcontact_id FOREIGN KEY (contact_id) REFERENCES public.crm_crmcontact(id) DEFERRABLE INITIALLY DEFERRED;


--
-- Name: crm_crmdeal crm_crmdeal_owner_id_505fcbf9_fk_auth_user_id; Type: FK CONSTRAINT; Schema: public; Owner: postgres
--

ALTER TABLE ONLY public.crm_crmdeal
    ADD CONSTRAINT crm_crmdeal_owner_id_505fcbf9_fk_auth_user_id FOREIGN KEY (owner_id) REFERENCES public.auth_user(id) DEFERRABLE INITIALLY DEFERRED;


--
-- Name: crm_crmdeal crm_crmdeal_tenant_id_896a05c6_fk_platform_core_tenant_id; Type: FK CONSTRAINT; Schema: public; Owner: postgres
--

ALTER TABLE ONLY public.crm_crmdeal
    ADD CONSTRAINT crm_crmdeal_tenant_id_896a05c6_fk_platform_core_tenant_id FOREIGN KEY (tenant_id) REFERENCES public.platform_core_tenant(id) DEFERRABLE INITIALLY DEFERRED;


--
-- Name: crm_crmquote crm_crmquote_company_id_3403f861_fk_crm_crmcompany_id; Type: FK CONSTRAINT; Schema: public; Owner: postgres
--

ALTER TABLE ONLY public.crm_crmquote
    ADD CONSTRAINT crm_crmquote_company_id_3403f861_fk_crm_crmcompany_id FOREIGN KEY (company_id) REFERENCES public.crm_crmcompany(id) DEFERRABLE INITIALLY DEFERRED;


--
-- Name: crm_crmquote crm_crmquote_contact_id_4dc8fe10_fk_crm_crmcontact_id; Type: FK CONSTRAINT; Schema: public; Owner: postgres
--

ALTER TABLE ONLY public.crm_crmquote
    ADD CONSTRAINT crm_crmquote_contact_id_4dc8fe10_fk_crm_crmcontact_id FOREIGN KEY (contact_id) REFERENCES public.crm_crmcontact(id) DEFERRABLE INITIALLY DEFERRED;


--
-- Name: crm_crmquote crm_crmquote_deal_id_f95fb0fc_fk_crm_crmdeal_id; Type: FK CONSTRAINT; Schema: public; Owner: postgres
--

ALTER TABLE ONLY public.crm_crmquote
    ADD CONSTRAINT crm_crmquote_deal_id_f95fb0fc_fk_crm_crmdeal_id FOREIGN KEY (deal_id) REFERENCES public.crm_crmdeal(id) DEFERRABLE INITIALLY DEFERRED;


--
-- Name: crm_crmquote crm_crmquote_owner_id_1606c3c2_fk_auth_user_id; Type: FK CONSTRAINT; Schema: public; Owner: postgres
--

ALTER TABLE ONLY public.crm_crmquote
    ADD CONSTRAINT crm_crmquote_owner_id_1606c3c2_fk_auth_user_id FOREIGN KEY (owner_id) REFERENCES public.auth_user(id) DEFERRABLE INITIALLY DEFERRED;


--
-- Name: crm_crmquote crm_crmquote_tenant_id_22bfeddd_fk_platform_core_tenant_id; Type: FK CONSTRAINT; Schema: public; Owner: postgres
--

ALTER TABLE ONLY public.crm_crmquote
    ADD CONSTRAINT crm_crmquote_tenant_id_22bfeddd_fk_platform_core_tenant_id FOREIGN KEY (tenant_id) REFERENCES public.platform_core_tenant(id) DEFERRABLE INITIALLY DEFERRED;


--
-- Name: crm_crmquoteitem crm_crmquoteitem_quote_id_7b4f9f7e_fk_crm_crmquote_id; Type: FK CONSTRAINT; Schema: public; Owner: postgres
--

ALTER TABLE ONLY public.crm_crmquoteitem
    ADD CONSTRAINT crm_crmquoteitem_quote_id_7b4f9f7e_fk_crm_crmquote_id FOREIGN KEY (quote_id) REFERENCES public.crm_crmquote(id) DEFERRABLE INITIALLY DEFERRED;


--
-- Name: crm_crmtask crm_crmtask_assigned_to_id_7e685e95_fk_auth_user_id; Type: FK CONSTRAINT; Schema: public; Owner: postgres
--

ALTER TABLE ONLY public.crm_crmtask
    ADD CONSTRAINT crm_crmtask_assigned_to_id_7e685e95_fk_auth_user_id FOREIGN KEY (assigned_to_id) REFERENCES public.auth_user(id) DEFERRABLE INITIALLY DEFERRED;


--
-- Name: crm_crmtask crm_crmtask_company_id_728e5bc6_fk_crm_crmcompany_id; Type: FK CONSTRAINT; Schema: public; Owner: postgres
--

ALTER TABLE ONLY public.crm_crmtask
    ADD CONSTRAINT crm_crmtask_company_id_728e5bc6_fk_crm_crmcompany_id FOREIGN KEY (company_id) REFERENCES public.crm_crmcompany(id) DEFERRABLE INITIALLY DEFERRED;


--
-- Name: crm_crmtask crm_crmtask_contact_id_b2bbdd69_fk_crm_crmcontact_id; Type: FK CONSTRAINT; Schema: public; Owner: postgres
--

ALTER TABLE ONLY public.crm_crmtask
    ADD CONSTRAINT crm_crmtask_contact_id_b2bbdd69_fk_crm_crmcontact_id FOREIGN KEY (contact_id) REFERENCES public.crm_crmcontact(id) DEFERRABLE INITIALLY DEFERRED;


--
-- Name: crm_crmtask crm_crmtask_deal_id_7b90a6c5_fk_crm_crmdeal_id; Type: FK CONSTRAINT; Schema: public; Owner: postgres
--

ALTER TABLE ONLY public.crm_crmtask
    ADD CONSTRAINT crm_crmtask_deal_id_7b90a6c5_fk_crm_crmdeal_id FOREIGN KEY (deal_id) REFERENCES public.crm_crmdeal(id) DEFERRABLE INITIALLY DEFERRED;


--
-- Name: crm_crmtask crm_crmtask_tenant_id_7a260a3c_fk_platform_core_tenant_id; Type: FK CONSTRAINT; Schema: public; Owner: postgres
--

ALTER TABLE ONLY public.crm_crmtask
    ADD CONSTRAINT crm_crmtask_tenant_id_7a260a3c_fk_platform_core_tenant_id FOREIGN KEY (tenant_id) REFERENCES public.platform_core_tenant(id) DEFERRABLE INITIALLY DEFERRED;


--
-- Name: django_admin_log django_admin_log_content_type_id_c4bce8eb_fk_django_co; Type: FK CONSTRAINT; Schema: public; Owner: postgres
--

ALTER TABLE ONLY public.django_admin_log
    ADD CONSTRAINT django_admin_log_content_type_id_c4bce8eb_fk_django_co FOREIGN KEY (content_type_id) REFERENCES public.django_content_type(id) DEFERRABLE INITIALLY DEFERRED;


--
-- Name: django_admin_log django_admin_log_user_id_c564eba6_fk_auth_user_id; Type: FK CONSTRAINT; Schema: public; Owner: postgres
--

ALTER TABLE ONLY public.django_admin_log
    ADD CONSTRAINT django_admin_log_user_id_c564eba6_fk_auth_user_id FOREIGN KEY (user_id) REFERENCES public.auth_user(id) DEFERRABLE INITIALLY DEFERRED;


--
-- Name: django_celery_beat_periodictask django_celery_beat_p_clocked_id_47a69f82_fk_django_ce; Type: FK CONSTRAINT; Schema: public; Owner: postgres
--

ALTER TABLE ONLY public.django_celery_beat_periodictask
    ADD CONSTRAINT django_celery_beat_p_clocked_id_47a69f82_fk_django_ce FOREIGN KEY (clocked_id) REFERENCES public.django_celery_beat_clockedschedule(id) DEFERRABLE INITIALLY DEFERRED;


--
-- Name: django_celery_beat_periodictask django_celery_beat_p_crontab_id_d3cba168_fk_django_ce; Type: FK CONSTRAINT; Schema: public; Owner: postgres
--

ALTER TABLE ONLY public.django_celery_beat_periodictask
    ADD CONSTRAINT django_celery_beat_p_crontab_id_d3cba168_fk_django_ce FOREIGN KEY (crontab_id) REFERENCES public.django_celery_beat_crontabschedule(id) DEFERRABLE INITIALLY DEFERRED;


--
-- Name: django_celery_beat_periodictask django_celery_beat_p_interval_id_a8ca27da_fk_django_ce; Type: FK CONSTRAINT; Schema: public; Owner: postgres
--

ALTER TABLE ONLY public.django_celery_beat_periodictask
    ADD CONSTRAINT django_celery_beat_p_interval_id_a8ca27da_fk_django_ce FOREIGN KEY (interval_id) REFERENCES public.django_celery_beat_intervalschedule(id) DEFERRABLE INITIALLY DEFERRED;


--
-- Name: django_celery_beat_periodictask django_celery_beat_p_solar_id_a87ce72c_fk_django_ce; Type: FK CONSTRAINT; Schema: public; Owner: postgres
--

ALTER TABLE ONLY public.django_celery_beat_periodictask
    ADD CONSTRAINT django_celery_beat_p_solar_id_a87ce72c_fk_django_ce FOREIGN KEY (solar_id) REFERENCES public.django_celery_beat_solarschedule(id) DEFERRABLE INITIALLY DEFERRED;


--
-- Name: payments_expense payments_expense_tenant_id_0c962afe_fk_platform_core_tenant_id; Type: FK CONSTRAINT; Schema: public; Owner: postgres
--

ALTER TABLE ONLY public.payments_expense
    ADD CONSTRAINT payments_expense_tenant_id_0c962afe_fk_platform_core_tenant_id FOREIGN KEY (tenant_id) REFERENCES public.platform_core_tenant(id) DEFERRABLE INITIALLY DEFERRED;


--
-- Name: payments_invoice payments_invoice_payment_id_1394aa6e_fk_payments_payment_id; Type: FK CONSTRAINT; Schema: public; Owner: postgres
--

ALTER TABLE ONLY public.payments_invoice
    ADD CONSTRAINT payments_invoice_payment_id_1394aa6e_fk_payments_payment_id FOREIGN KEY (payment_id) REFERENCES public.payments_payment(id) DEFERRABLE INITIALLY DEFERRED;


--
-- Name: payments_invoice payments_invoice_tenant_id_427d965b_fk_platform_core_tenant_id; Type: FK CONSTRAINT; Schema: public; Owner: postgres
--

ALTER TABLE ONLY public.payments_invoice
    ADD CONSTRAINT payments_invoice_tenant_id_427d965b_fk_platform_core_tenant_id FOREIGN KEY (tenant_id) REFERENCES public.platform_core_tenant(id) DEFERRABLE INITIALLY DEFERRED;


--
-- Name: payments_payment payments_payment_tenant_id_4a90fb63_fk_platform_core_tenant_id; Type: FK CONSTRAINT; Schema: public; Owner: postgres
--

ALTER TABLE ONLY public.payments_payment
    ADD CONSTRAINT payments_payment_tenant_id_4a90fb63_fk_platform_core_tenant_id FOREIGN KEY (tenant_id) REFERENCES public.platform_core_tenant(id) DEFERRABLE INITIALLY DEFERRED;


--
-- Name: payments_salesinvoiceitem payments_salesinvoic_invoice_id_aa75ac58_fk_payments_; Type: FK CONSTRAINT; Schema: public; Owner: postgres
--

ALTER TABLE ONLY public.payments_salesinvoiceitem
    ADD CONSTRAINT payments_salesinvoic_invoice_id_aa75ac58_fk_payments_ FOREIGN KEY (invoice_id) REFERENCES public.payments_salesinvoice(id) DEFERRABLE INITIALLY DEFERRED;


--
-- Name: payments_salesinvoice payments_salesinvoic_tenant_id_35d8ca0a_fk_platform_; Type: FK CONSTRAINT; Schema: public; Owner: postgres
--

ALTER TABLE ONLY public.payments_salesinvoice
    ADD CONSTRAINT payments_salesinvoic_tenant_id_35d8ca0a_fk_platform_ FOREIGN KEY (tenant_id) REFERENCES public.platform_core_tenant(id) DEFERRABLE INITIALLY DEFERRED;


--
-- Name: platform_core_platformauditlog platform_core_platfo_actor_id_d258d141_fk_auth_user; Type: FK CONSTRAINT; Schema: public; Owner: postgres
--

ALTER TABLE ONLY public.platform_core_platformauditlog
    ADD CONSTRAINT platform_core_platfo_actor_id_d258d141_fk_auth_user FOREIGN KEY (actor_id) REFERENCES public.auth_user(id) DEFERRABLE INITIALLY DEFERRED;


--
-- Name: platform_core_platformauditlog platform_core_platfo_tenant_id_a9d8dea3_fk_platform_; Type: FK CONSTRAINT; Schema: public; Owner: postgres
--

ALTER TABLE ONLY public.platform_core_platformauditlog
    ADD CONSTRAINT platform_core_platfo_tenant_id_a9d8dea3_fk_platform_ FOREIGN KEY (tenant_id) REFERENCES public.platform_core_tenant(id) DEFERRABLE INITIALLY DEFERRED;


--
-- Name: platform_core_tenantmembership platform_core_tenant_role_id_02640ca0_fk_platform_; Type: FK CONSTRAINT; Schema: public; Owner: postgres
--

ALTER TABLE ONLY public.platform_core_tenantmembership
    ADD CONSTRAINT platform_core_tenant_role_id_02640ca0_fk_platform_ FOREIGN KEY (role_id) REFERENCES public.platform_core_tenantrole(id) DEFERRABLE INITIALLY DEFERRED;


--
-- Name: platform_core_tenantrole platform_core_tenant_tenant_id_17ea19da_fk_platform_; Type: FK CONSTRAINT; Schema: public; Owner: postgres
--

ALTER TABLE ONLY public.platform_core_tenantrole
    ADD CONSTRAINT platform_core_tenant_tenant_id_17ea19da_fk_platform_ FOREIGN KEY (tenant_id) REFERENCES public.platform_core_tenant(id) DEFERRABLE INITIALLY DEFERRED;


--
-- Name: platform_core_tenantmembership platform_core_tenant_tenant_id_66d6b12d_fk_platform_; Type: FK CONSTRAINT; Schema: public; Owner: postgres
--

ALTER TABLE ONLY public.platform_core_tenantmembership
    ADD CONSTRAINT platform_core_tenant_tenant_id_66d6b12d_fk_platform_ FOREIGN KEY (tenant_id) REFERENCES public.platform_core_tenant(id) DEFERRABLE INITIALLY DEFERRED;


--
-- Name: platform_core_tenantmembership platform_core_tenantmembership_user_id_ccd75c20_fk_auth_user_id; Type: FK CONSTRAINT; Schema: public; Owner: postgres
--

ALTER TABLE ONLY public.platform_core_tenantmembership
    ADD CONSTRAINT platform_core_tenantmembership_user_id_ccd75c20_fk_auth_user_id FOREIGN KEY (user_id) REFERENCES public.auth_user(id) DEFERRABLE INITIALLY DEFERRED;


--
-- Name: recipients_mailinglist recipients_mailinglist_owner_id_5d8237fc_fk_auth_user_id; Type: FK CONSTRAINT; Schema: public; Owner: postgres
--

ALTER TABLE ONLY public.recipients_mailinglist
    ADD CONSTRAINT recipients_mailinglist_owner_id_5d8237fc_fk_auth_user_id FOREIGN KEY (owner_id) REFERENCES public.auth_user(id) DEFERRABLE INITIALLY DEFERRED;


--
-- Name: recipients_recipient recipients_recipient_mailing_list_id_4a30942b_fk_recipient; Type: FK CONSTRAINT; Schema: public; Owner: postgres
--

ALTER TABLE ONLY public.recipients_recipient
    ADD CONSTRAINT recipients_recipient_mailing_list_id_4a30942b_fk_recipient FOREIGN KEY (mailing_list_id) REFERENCES public.recipients_mailinglist(id) DEFERRABLE INITIALLY DEFERRED;


--
-- Name: recipients_uploadbatch recipients_uploadbat_mailing_list_id_b104ea9f_fk_recipient; Type: FK CONSTRAINT; Schema: public; Owner: postgres
--

ALTER TABLE ONLY public.recipients_uploadbatch
    ADD CONSTRAINT recipients_uploadbat_mailing_list_id_b104ea9f_fk_recipient FOREIGN KEY (mailing_list_id) REFERENCES public.recipients_mailinglist(id) DEFERRABLE INITIALLY DEFERRED;


--
-- Name: templates_mgr_bankpaymentpage templates_mgr_bankpaymentpage_owner_id_7d4b8aef_fk_auth_user_id; Type: FK CONSTRAINT; Schema: public; Owner: postgres
--

ALTER TABLE ONLY public.templates_mgr_bankpaymentpage
    ADD CONSTRAINT templates_mgr_bankpaymentpage_owner_id_7d4b8aef_fk_auth_user_id FOREIGN KEY (owner_id) REFERENCES public.auth_user(id) DEFERRABLE INITIALLY DEFERRED;


--
-- Name: templates_mgr_emailtemplate templates_mgr_emailtemplate_owner_id_2389540b_fk_auth_user_id; Type: FK CONSTRAINT; Schema: public; Owner: postgres
--

ALTER TABLE ONLY public.templates_mgr_emailtemplate
    ADD CONSTRAINT templates_mgr_emailtemplate_owner_id_2389540b_fk_auth_user_id FOREIGN KEY (owner_id) REFERENCES public.auth_user(id) DEFERRABLE INITIALLY DEFERRED;


--
-- PostgreSQL database dump complete
--

\unrestrict SqkglQE9U3zilpg3Gl2zee3IpgTzqL6QN8bkcz9nwOhTGmWjfyOakJZpm4SVMzo

